seed,model,node,coverage90,width90,WIS
17,mlp,0,0.8629541864139021,148.95974731445312,23.499107360839844
17,mlp,1,0.8609547788309637,132.3452606201172,21.407367706298828
17,mlp,2,0.816350710900474,186.557861328125,32.237342834472656
17,mlp,3,0.9453988941548184,111.39789581298828,13.346966743469238
17,mlp,4,0.9233560426540285,113.0814437866211,14.832788467407227
17,mlp,5,0.8985979462875198,124.84610748291016,17.340322494506836
17,mlp,6,0.9004986176935229,112.81111907958984,15.895362854003906
17,mlp,7,0.9416716034755134,119.06719970703125,14.87822151184082
17,mlp,8,0.9186413902053713,113.18851470947266,14.858967781066895
17,mlp,9,0.9230598341232228,117.63359069824219,15.20189094543457
17,mlp,10,0.8272857424960506,157.39451599121094,26.934513092041016
17,mlp,11,0.9121988546603476,124.29461669921875,16.593486785888672
17,mlp,12,0.8437746840442338,204.95335388183594,35.310001373291016
17,mlp,13,0.9322422985781991,106.00949096679688,13.2466402053833
17,mlp,14,0.9342170221169036,105.35018157958984,12.872187614440918
17,mlp,15,0.8711246050552922,138.5916290283203,21.936967849731445
17,mlp,16,0.8843799368088467,148.52603149414062,22.127540588378906
17,mlp,17,0.8759626777251185,146.34190368652344,22.58843421936035
17,mlp,18,0.8061562006319115,159.29879760742188,29.14604949951172
17,mlp,19,0.8762588862559242,147.45233154296875,22.60416603088379
17,mlp,20,0.9144204186413902,113.30609130859375,14.801458358764648
17,mlp,21,0.9778090442338072,106.51862335205078,10.748614311218262
17,mlp,22,0.9296504739336493,110.43709564208984,14.81003189086914
17,mlp,23,0.9063734202211691,110.52579498291016,14.717966079711914
17,mlp,24,0.8872679699842022,114.60436248779297,16.702394485473633
17,mlp,25,0.9137292654028436,122.8257064819336,16.702199935913086
17,mlp,26,0.8872432859399684,124.33476257324219,18.382949829101562
17,mlp,27,0.8950928120063191,116.22810363769531,16.661788940429688
17,mlp,28,0.8499703791469194,156.80694580078125,25.520761489868164
17,mlp,29,0.8957099131121643,115.21477508544922,16.5622615814209
17,mlp,30,0.8588319510268563,153.07864379882812,24.526840209960938
17,mlp,31,0.8763576224328594,117.58457946777344,18.592639923095703
17,mlp,32,0.8536236176935229,165.69874572753906,26.819908142089844
17,mlp,33,0.8956111769352291,129.47227478027344,18.219329833984375
17,mlp,34,0.9012391390205371,123.2833480834961,17.69123077392578
17,mlp,35,0.8527596761453397,145.38307189941406,24.790374755859375
17,mlp,36,0.8682612559241706,130.29336547851562,20.477285385131836
17,mlp,37,0.9103722353870458,137.44334411621094,19.000478744506836
17,mlp,38,0.9023005529225908,117.98793029785156,16.346281051635742
17,mlp,39,0.8780608214849921,135.03196716308594,20.014610290527344
17,mlp,40,0.8984992101105845,130.44070434570312,18.429941177368164
17,mlp,41,0.8763823064770933,200.57017517089844,30.12371063232422
17,mlp,42,0.856931279620853,158.6826934814453,25.80853271484375
17,mlp,43,0.8351352685624013,170.9414520263672,28.469852447509766
17,mlp,44,0.9694905213270142,107.02603912353516,11.396919250488281
17,mlp,45,0.8747037914691943,157.2010040283203,24.376888275146484
17,mlp,46,0.9451273696682464,104.76130676269531,11.88723087310791
17,mlp,47,0.9337727093206951,115.49101257324219,14.973315238952637
17,mlp,48,0.8841577804107424,146.08326721191406,22.841108322143555
17,mlp,49,0.959913112164297,104.35368347167969,11.902127265930176
17,mlp,50,0.8932908767772512,114.37566375732422,16.075820922851562
17,mlp,51,0.8655460110584519,137.26150512695312,22.27046012878418
17,mlp,52,0.8844539889415481,141.28134155273438,21.37045669555664
17,mlp,53,0.873593009478673,144.4324493408203,21.46590232849121
17,mlp,54,0.9032632306477093,110.43885803222656,15.147817611694336
17,mlp,55,0.8572768562401264,176.1986083984375,27.63473129272461
17,mlp,56,0.8828742101105845,154.50047302246094,23.268760681152344
17,mlp,57,0.8541172985781991,230.3441925048828,37.9827766418457
17,mlp,58,0.8826520537124802,187.40560913085938,27.654340744018555
17,mlp,59,0.8766044628751974,126.01077270507812,19.3546199798584
17,mlp,60,0.9824249605055292,103.49029541015625,9.551163673400879
17,mlp,61,0.8825780015797788,149.0997772216797,22.086292266845703
17,mlp,62,0.9351056477093207,109.59650421142578,13.51595687866211
17,mlp,63,0.8816893759873617,148.91932678222656,22.82425308227539
17,mlp,64,0.9107918641390206,131.72657775878906,18.371349334716797
17,mlp,65,0.8828248420221169,138.57427978515625,21.922286987304688
17,mlp,66,0.9135317930489731,113.16590118408203,14.986701011657715
17,mlp,67,0.8893907977883097,141.60214233398438,21.181997299194336
17,mlp,68,0.9676145339652449,104.04395294189453,11.27883529663086
17,mlp,69,0.8844293048973144,185.01747131347656,27.204504013061523
17,mlp,70,0.9411038704581358,105.64557647705078,12.776289939880371
17,mlp,71,0.8891439573459715,144.52439880371094,21.665008544921875
17,mlp,72,0.8336295418641391,152.34832763671875,26.395830154418945
17,mlp,73,0.8977833728278041,135.09979248046875,19.032503128051758
17,mlp,74,0.9098045023696683,111.14083862304688,14.519805908203125
17,mlp,75,0.8665827409162717,165.3975067138672,25.945486068725586
17,mlp,76,0.8692979857819905,149.39065551757812,23.76327133178711
17,mlp,77,0.8955124407582938,142.9015350341797,21.39474868774414
17,mlp,78,0.8527843601895735,155.15977478027344,25.548904418945312
17,mlp,79,0.8315067140600316,217.74851989746094,36.98984146118164
17,mlp,80,0.8719638625592417,145.6661834716797,22.249977111816406
17,mlp,81,0.8437253159557662,171.5624542236328,28.321491241455078
17,mlp,82,0.8023301737756714,183.20663452148438,33.45857238769531
17,mlp,83,0.9443127962085308,110.47198486328125,12.747629165649414
17,mlp,84,0.9049170616113744,146.03463745117188,20.311176300048828
17,mlp,85,0.898178317535545,128.04116821289062,17.994022369384766
17,mlp,86,0.9911137440758294,105.00679779052734,10.1854887008667
17,mlp,87,0.9553712480252765,108.1795654296875,13.35080623626709
17,mlp,88,0.866163112164297,179.17129516601562,28.07238006591797
17,mlp,89,0.9502863349131122,103.55499267578125,12.252098083496094
17,mlp,90,0.8428860584518167,168.96017456054688,28.472497940063477
17,mlp,91,0.8525375197472354,198.70335388183594,31.934986114501953
17,mlp,92,0.8555983412322274,172.0873260498047,27.551382064819336
17,mlp,93,0.9022511848341233,113.07652282714844,15.257752418518066
17,mlp,94,0.8857869273301737,150.8644561767578,23.191137313842773
17,mlp,95,0.846193720379147,191.43408203125,30.95726203918457
17,mlp,96,0.8511552132701422,209.18170166015625,33.38624954223633
17,mlp,97,0.7945793838862559,211.70169067382812,40.15074157714844
17,mlp,98,0.9437203791469194,106.21913146972656,12.35756778717041
17,mlp,99,0.8207691548183255,149.13685607910156,25.465173721313477
17,mlp,100,0.8565116508688784,135.36044311523438,24.084197998046875
17,mlp,101,0.8507355845181674,192.1566162109375,30.618471145629883
17,mlp,102,0.8741854265402843,124.9797134399414,19.737194061279297
17,mlp,103,0.8839109399684044,135.4483184814453,20.36550521850586
17,mlp,104,0.9436956951026856,105.9917221069336,12.330495834350586
17,mlp,105,0.9467565165876777,106.05260467529297,12.203009605407715
17,mlp,106,0.8201520537124802,210.2662353515625,36.22663497924805
17,mlp,107,0.9661088072669827,101.8553466796875,10.528022766113281
17,mlp,108,0.8483906003159558,191.03524780273438,32.1403923034668
17,mlp,109,0.8485880726698263,166.87686157226562,28.755285263061523
17,mlp,110,0.897931477093207,162.53216552734375,23.803192138671875
17,mlp,111,0.8681872037914692,187.99163818359375,29.64443588256836
17,mlp,112,0.9762786334913112,102.46649169921875,10.30749797821045
17,mlp,113,0.9558402448657188,105.06378173828125,12.048893928527832
17,mlp,114,0.8711246050552922,135.15170288085938,23.76649284362793
17,mlp,115,0.913161532385466,116.94557189941406,16.175668716430664
17,mlp,116,0.9065955766192733,111.40357208251953,15.384243965148926
17,mlp,117,0.8505134281200631,170.20858764648438,28.1328067779541
17,mlp,118,0.8291864139020537,181.71627807617188,30.88812828063965
17,mlp,119,0.8840096761453397,176.93446350097656,26.229076385498047
17,mlp,120,0.8766291469194313,176.4966583251953,26.736019134521484
17,mlp,121,0.8961542259083728,152.12069702148438,22.21168327331543
17,mlp,122,0.8606832543443917,153.20870971679688,24.648338317871094
17,mlp,123,0.8865768167456556,150.99952697753906,22.758930206298828
17,mlp,124,0.8504393759873617,144.84730529785156,23.554243087768555
17,mlp,125,0.8911927330173776,129.6102752685547,19.10301971435547
17,mlp,126,0.9378208925750395,108.72441864013672,13.452061653137207
17,mlp,127,0.8792703396524486,150.30410766601562,22.93899154663086
17,mlp,128,0.9666271721958926,101.74298095703125,10.626980781555176
17,mlp,129,0.9853376777251185,103.19232940673828,10.405401229858398
17,mlp,130,0.9813882306477093,103.5150146484375,9.928498268127441
17,mlp,131,0.9814622827804107,101.72124481201172,9.804521560668945
17,mlp,132,0.9747482227488151,101.70592498779297,10.207776069641113
17,mlp,133,0.9647018167456556,103.42700958251953,10.973282814025879
17,mlp,134,0.9104956556082149,109.96092224121094,14.196226119995117
17,mlp,135,0.8723341232227488,118.14393615722656,17.908912658691406
17,mlp,136,0.8345922195892576,157.9831085205078,26.242326736450195
17,mlp,137,0.9372037914691943,111.69193267822266,14.224579811096191
17,mlp,138,0.9353524881516587,108.77361297607422,13.782146453857422
17,mlp,139,0.9292802132701422,106.83885955810547,12.870591163635254
17,mlp,140,0.9218256319115324,115.35845947265625,15.150705337524414
17,mlp,141,0.9069164691943128,135.09326171875,18.96929931640625
17,mlp,142,0.9029670221169036,173.92318725585938,24.976791381835938
17,mlp,143,0.93211887835703,105.94020080566406,13.547686576843262
17,mlp,144,0.996149289099526,102.40947723388672,9.635668754577637
17,mlp,145,0.9796109794628752,102.1968002319336,10.73805046081543
17,mlp,146,0.8780608214849921,178.4889678955078,26.954334259033203
17,mlp,147,0.905089849921011,116.6773452758789,16.51398277282715
17,mlp,148,0.9738842812006319,106.92545318603516,11.954305648803711
17,mlp,149,0.9723785545023697,106.02717590332031,11.9469633102417
17,mlp,150,0.9725513428120063,106.59349060058594,11.956153869628906
17,mlp,151,0.8663852685624013,139.68817138671875,21.264923095703125
17,mlp,152,0.8993137835703001,111.27108001708984,15.74502944946289
17,mlp,153,0.9034360189573459,133.75323486328125,19.554977416992188
17,mlp,154,0.8907977883096366,135.6453094482422,19.516075134277344
17,mlp,155,0.9652448657187994,103.7603759765625,11.529105186462402
17,mlp,156,0.9792900868878357,102.37574005126953,10.887431144714355
17,mlp,157,0.9582099131121643,105.95811462402344,12.182271957397461
17,mlp,158,0.9420171800947867,109.88880157470703,13.87952995300293
17,mlp,159,0.905608214849921,133.4994659423828,18.685405731201172
17,mlp,160,0.9166172985781991,115.06965637207031,15.285178184509277
17,mlp,161,0.9268364928909952,117.43276977539062,15.865055084228516
17,mlp,162,0.9107424960505529,125.72820281982422,16.961462020874023
17,mlp,163,0.894845971563981,129.74559020996094,18.98701286315918
17,mlp,164,0.9353771721958926,116.59796905517578,15.151387214660645
17,mlp,165,0.9262687598736177,109.99995422363281,13.710112571716309
17,mlp,166,0.9170862954186414,106.52359771728516,14.688684463500977
17,mlp,167,0.8914148894154819,127.80879974365234,18.411331176757812
17,mlp,168,0.8958086492890995,123.44523620605469,17.402233123779297
17,mlp,169,0.9413260268562401,118.01688385009766,15.112259864807129
17,mlp,170,0.9392031990521327,117.95169067382812,15.179915428161621
17,mlp,171,0.9134824249605056,117.98210144042969,15.574129104614258
17,mlp,172,0.996544233807267,102.5967788696289,9.632579803466797
17,mlp,173,0.83888724328594,180.11297607421875,30.330581665039062
17,mlp,174,0.9297492101105845,120.38628387451172,16.032506942749023
17,mlp,175,0.8943029225908373,123.45833587646484,17.545806884765625
17,mlp,176,0.9100019747235387,134.91748046875,19.4626522064209
17,mlp,177,0.946213467614534,120.0067138671875,15.132455825805664
17,mlp,178,0.9406101895734598,117.4745864868164,15.132624626159668
17,mlp,179,0.9353031200631912,118.11378479003906,15.21154499053955
17,mlp,180,0.9965689178515008,102.5967788696289,9.631081581115723
17,mlp,181,0.9965195497630331,102.5337905883789,9.632040023803711
17,mlp,182,0.9704778830963665,105.91352844238281,11.767136573791504
17,mlp,183,0.9963961295418642,102.36627960205078,9.631373405456543
17,mlp,184,0.9604808451816745,103.1978530883789,11.764556884765625
17,mlp,185,0.9688734202211691,103.95575714111328,11.274129867553711
17,mlp,186,0.9363892180094787,106.52423858642578,12.874038696289062
17,mlp,187,0.9071633096366508,113.94039916992188,15.82945442199707
17,mlp,188,0.9053366903633492,112.9687271118164,15.709373474121094
17,mlp,189,0.9964948657187994,102.66641998291016,9.6339750289917
17,mlp,190,0.9840787914691943,102.23466491699219,10.050139427185059
17,mlp,191,0.996544233807267,102.59671020507812,9.634053230285645
17,mlp,192,0.9965195497630331,102.38722229003906,9.630890846252441
17,mlp,193,0.996544233807267,102.59654998779297,9.63582992553711
17,mlp,194,0.9963961295418642,102.45343017578125,9.6337308883667
17,mlp,195,0.996544233807267,102.59671020507812,9.633872032165527
17,mlp,196,0.9954828199052133,101.53555297851562,9.22324275970459
17,mlp,197,0.996544233807267,102.59671020507812,9.633139610290527
17,mlp,198,0.9963961295418642,102.45343780517578,9.633950233459473
17,mlp,199,0.996544233807267,102.59664154052734,9.635350227355957
17,mlp,200,0.996544233807267,102.59683227539062,9.63195514678955
17,mlp,201,0.8645833333333334,164.3144073486328,26.347637176513672
17,mlp,202,0.814672195892575,226.53009033203125,38.74039840698242
17,mlp,203,0.8203001579778831,191.6875,35.10801696777344
17,mlp,204,0.8418740126382307,158.84083557128906,27.03237533569336
17,mlp,205,0.9572472353870458,103.797119140625,11.23139762878418
17,mlp,206,0.9178268167456556,108.69068145751953,13.747217178344727
17,mlp,207,0.8930934044233807,143.45408630371094,21.487905502319336
17,mlp,208,0.851821682464455,205.4055633544922,33.11116027832031
17,mlp,209,0.8556970774091627,211.71542358398438,34.76531219482422
17,mlp,210,0.8704334518167457,133.9080047607422,20.812519073486328
17,mlp,211,0.8826767377567141,127.76166534423828,19.7050724029541
17,mlp,212,0.9559883491311216,103.0453872680664,11.604177474975586
17,mlp,213,0.8835900473933649,174.5577850341797,25.83966064453125
17,mlp,214,0.8824545813586098,125.9574966430664,20.55533790588379
17,mlp,215,0.8721613349131122,131.24273681640625,21.308284759521484
17,mlp,216,0.8443424170616114,136.01438903808594,24.22474479675293
17,mlp,217,0.8560920221169036,130.4723663330078,23.87697410583496
17,mlp,218,0.855400868878357,132.53607177734375,22.83539390563965
17,mlp,219,0.8558698657187994,129.2743682861328,23.859655380249023
17,mlp,220,0.8630529225908373,150.42689514160156,24.54753303527832
17,mlp,221,0.892031990521327,124.78964233398438,18.164857864379883
17,mlp,222,0.8455519352290679,131.98072814941406,21.741764068603516
17,mlp,223,0.8627813981042654,129.7725067138672,20.099016189575195
17,mlp,224,0.9628751974723538,107.01476287841797,11.550457000732422
17,mlp,225,0.9364632701421801,103.64755249023438,12.056644439697266
17,mlp,226,0.9454729462875198,102.38804626464844,11.613823890686035
17,mlp,227,0.9438437993680885,108.96888732910156,13.028237342834473
17,mlp,228,0.9933353080568721,101.88937377929688,9.450545310974121
17,mlp,229,0.980154028436019,104.8839111328125,10.919960021972656
17,mlp,230,0.9385860979462876,111.3770980834961,13.900603294372559
17,mlp,231,0.9314030410742496,106.21299743652344,13.018457412719727
17,mlp,232,0.9316745655608215,107.16240692138672,13.422991752624512
17,mlp,233,0.9199249605055292,113.3575210571289,14.535423278808594
17,mlp,234,0.8739632701421801,165.9757843017578,25.275390625
17,mlp,235,0.9100760268562401,125.39929962158203,17.111360549926758
17,mlp,236,0.906496840442338,131.7930450439453,18.432273864746094
17,mlp,237,0.9157533570300158,115.77149963378906,14.96517562866211
17,mlp,238,0.9101500789889415,125.22949981689453,17.920711517333984
17,mlp,239,0.889218009478673,151.33055114746094,22.41465950012207
17,mlp,240,0.8847748815165877,128.20947265625,19.08170509338379
17,mlp,241,0.8962282780410743,137.87132263183594,19.871042251586914
17,mlp,242,0.9176046603475514,114.94857025146484,14.367377281188965
17,mlp,243,0.9219490521327014,110.93453979492188,14.334990501403809
17,mlp,244,0.9456951026856241,107.17803192138672,12.422470092773438
17,mlp,245,0.8690264612954186,142.64427185058594,23.841638565063477
17,mlp,246,0.9123222748815166,115.95995330810547,15.272018432617188
17,mlp,247,0.9191597551342812,107.21440887451172,13.585392951965332
17,mlp,248,0.9719836097946287,106.79887390136719,12.30277156829834
17,mlp,249,0.9866459320695102,101.85389709472656,10.438301086425781
17,mlp,250,0.8704334518167457,146.73696899414062,22.85724639892578
17,mlp,251,0.8690758293838863,130.2960662841797,19.945987701416016
17,mlp,252,0.8662618483412322,147.2070770263672,22.907913208007812
17,mlp,253,0.8740126382306477,164.71310424804688,24.806119918823242
17,mlp,254,0.8984004739336493,120.09101867675781,16.350706100463867
17,mlp,255,0.886404028436019,116.74859619140625,17.478803634643555
17,mlp,256,0.8743335308056872,126.3779525756836,21.12845230102539
17,mlp,257,0.9641093996840442,102.37114715576172,10.528300285339355
17,mlp,258,0.9763280015797788,106.2165298461914,11.562352180480957
17,mlp,259,0.8917357819905213,123.27242279052734,17.41216468811035
17,mlp,260,0.8777646129541864,144.48828125,22.689659118652344
17,mlp,261,0.9388329383886256,116.83091735839844,15.113997459411621
17,mlp,262,0.8746791074249605,141.3567352294922,22.160831451416016
17,mlp,263,0.8691992496050553,165.68006896972656,25.792638778686523
17,mlp,264,0.9411038704581358,112.04743194580078,13.289697647094727
17,mlp,265,0.8812450631911533,137.3062744140625,20.530622482299805
17,mlp,266,0.9716380331753555,101.31597137451172,9.93789291381836
17,mlp,267,0.902794233807267,131.9878692626953,18.008174896240234
17,mlp,268,0.8736917456556083,157.12173461914062,23.636552810668945
17,mlp,269,0.9242199842022117,107.50603485107422,13.90261173248291
17,mlp,270,0.8615965639810427,151.55078125,24.0407657623291
17,mlp,271,0.8353821090047393,195.08267211914062,33.02543258666992
17,mlp,272,0.8337776461295419,198.01882934570312,33.92624282836914
17,mlp,273,0.9661581753554502,103.24188995361328,10.602397918701172
17,mlp,274,0.9306378357030016,106.30422973632812,13.911870002746582
17,mlp,275,0.9704038309636651,101.90694427490234,10.197921752929688
17,mlp,276,0.9592466429699842,106.96663665771484,11.919431686401367
17,mlp,277,0.9058056872037915,114.82852935791016,16.266342163085938
17,mlp,278,0.910224131121643,113.68228912353516,15.082573890686035
17,mlp,279,0.933402448657188,110.19469451904297,13.446049690246582
17,mlp,280,0.9608757898894155,105.65311431884766,11.278904914855957
17,mlp,281,0.9028682859399684,125.96295166015625,17.8032169342041
17,mlp,282,0.9248617693522907,105.99506378173828,13.230576515197754
17,mlp,283,0.8943522906793049,130.48492431640625,18.207191467285156
17,mlp,284,0.8944263428120063,132.47166442871094,20.199018478393555
17,mlp,285,0.8914642575039494,140.9911651611328,21.353193283081055
17,mlp,286,0.8745310031595577,122.88471221923828,19.601062774658203
17,mlp,287,0.8732721169036335,149.11212158203125,21.9647159576416
17,mlp,288,0.8788260268562401,139.4508514404297,20.386917114257812
17,mlp,289,0.939672195892575,106.19427490234375,12.409123420715332
17,mlp,290,0.8432810031595577,138.90957641601562,22.085397720336914
17,mlp,291,0.8724081753554502,150.29534912109375,23.492782592773438
17,mlp,292,0.8680637835703001,125.73738861083984,20.217960357666016
17,mlp,293,0.8992150473933649,128.81263732910156,18.01322364807129
17,mlp,294,0.8713961295418642,140.14105224609375,21.545446395874023
17,mlp,295,0.9365126382306477,116.43893432617188,15.12717056274414
17,mlp,296,0.9385614139020537,110.32160949707031,13.404082298278809
17,mlp,297,0.82760663507109,191.18507385253906,32.813079833984375
17,mlp,298,0.8496248025276462,188.64373779296875,31.19514274597168
17,mlp,299,0.9150128357030016,136.87310791015625,19.6365966796875
17,mlp,300,0.8829482622432859,127.30376434326172,18.821422576904297
17,mlp,301,0.8917357819905213,123.2677001953125,18.54033088684082
17,mlp,302,0.8581654818325435,120.13259887695312,18.820842742919922
17,mlp,303,0.826964849921011,168.88729858398438,28.19048309326172
17,mlp,304,0.8363447867298578,167.9153289794922,29.431804656982422
17,mlp,305,0.9142969984202212,110.64730072021484,14.60639762878418
17,mlp,306,0.9525819510268563,110.56114196777344,12.422849655151367
17,fourier,0,0.8679650473933649,149.46148681640625,23.28169059753418
17,fourier,1,0.8579186413902053,131.91725158691406,21.366527557373047
17,fourier,2,0.8293345181674565,190.1695556640625,32.04353713989258
17,fourier,3,0.9404867693522907,105.2904052734375,13.142971992492676
17,fourier,4,0.909458925750395,104.57096862792969,14.746615409851074
17,fourier,5,0.8955618088467614,125.76532745361328,17.363325119018555
17,fourier,6,0.8880825434439179,105.82780456542969,15.764443397521973
17,fourier,7,0.934167654028436,111.36690521240234,14.619939804077148
17,fourier,8,0.9134083728278041,109.57047271728516,14.669520378112793
17,fourier,9,0.9175799763033176,115.77583312988281,15.171464920043945
17,fourier,10,0.8248173380726699,155.1833953857422,26.951200485229492
17,fourier,11,0.9108412322274881,123.110595703125,16.544048309326172
17,fourier,12,0.841306279620853,201.67385864257812,35.360939025878906
17,fourier,13,0.9224674170616114,100.03475189208984,13.139481544494629
17,fourier,14,0.9244174565560821,99.19898986816406,12.685653686523438
17,fourier,15,0.8753208925750395,139.67835998535156,21.786170959472656
17,fourier,16,0.8851698262243286,146.82821655273438,21.97808837890625
17,fourier,17,0.8746791074249605,145.2246856689453,22.43389320373535
17,fourier,18,0.8096613349131122,160.2262725830078,29.031734466552734
17,fourier,19,0.8757405213270142,147.73472595214844,22.554780960083008
17,fourier,20,0.9107918641390206,109.65147399902344,14.646018028259277
17,fourier,21,0.96875,98.3709487915039,10.501701354980469
17,fourier,22,0.9172343996840442,102.4964828491211,14.705155372619629
17,fourier,23,0.8991409952606635,106.96593475341797,14.64818000793457
17,fourier,24,0.8827014218009479,111.92998504638672,16.606172561645508
17,fourier,25,0.9131121642969984,120.36756134033203,16.565223693847656
17,fourier,26,0.8843552527646129,123.50373077392578,18.3223876953125
17,fourier,27,0.8852932464454977,109.83907318115234,16.547786712646484
17,fourier,28,0.8694707740916272,163.7959442138672,25.231891632080078
17,fourier,29,0.8929206161137441,114.47425079345703,16.4693660736084
17,fourier,30,0.8623864533965245,154.5384063720703,24.41037940979004
17,fourier,31,0.8668789494470774,111.58651733398438,18.612667083740234
17,fourier,32,0.8483412322274881,162.0240936279297,26.81003189086914
17,fourier,33,0.8886009083728278,124.44309997558594,18.112380981445312
17,fourier,34,0.9005479857819905,123.21941375732422,17.63887596130371
17,fourier,35,0.8530312006319115,143.97052001953125,24.727392196655273
17,fourier,36,0.868458728278041,128.47201538085938,20.382963180541992
17,fourier,37,0.9091133491311216,136.2088623046875,18.82848358154297
17,fourier,38,0.9025720774091627,115.14949035644531,16.181774139404297
17,fourier,39,0.8764810426540285,134.80978393554688,19.971723556518555
17,fourier,40,0.8991163112164297,129.47557067871094,18.32343101501465
17,fourier,41,0.8733214849921012,200.81094360351562,30.367101669311523
17,fourier,42,0.8581654818325435,158.48922729492188,25.681676864624023
17,fourier,43,0.8397265007898894,171.55703735351562,28.457990646362305
17,fourier,44,0.9567782385466035,99.35716247558594,11.231593132019043
17,fourier,45,0.8695695102685624,156.24221801757812,24.331432342529297
17,fourier,46,0.9411779225908373,99.28087615966797,11.632635116577148
17,fourier,47,0.9277004344391785,110.4407958984375,14.847329139709473
17,fourier,48,0.8846267772511849,146.77120971679688,22.778961181640625
17,fourier,49,0.9500888625592417,97.90467834472656,11.761191368103027
17,fourier,50,0.8843799368088467,110.15934753417969,16.025985717773438
17,fourier,51,0.8677922590837283,137.770751953125,22.192171096801758
17,fourier,52,0.889341429699842,142.0264892578125,21.219465255737305
17,fourier,53,0.8788260268562401,146.76927185058594,21.353261947631836
17,fourier,54,0.8968453791469194,105.874755859375,14.936531066894531
17,fourier,55,0.8671504739336493,179.2035369873047,27.4909725189209
17,fourier,56,0.8757405213270142,153.65115356445312,23.286815643310547
17,fourier,57,0.8382207740916272,218.12599182128906,38.1015739440918
17,fourier,58,0.876406990521327,187.4629669189453,27.816442489624023
17,fourier,59,0.8762342022116903,123.46802520751953,19.221771240234375
17,fourier,60,0.9766735781990521,95.4271469116211,9.257725715637207
17,fourier,61,0.8754443127962085,146.11080932617188,22.12441062927246
17,fourier,62,0.925207345971564,103.15502166748047,13.422231674194336
17,fourier,63,0.8791962875197472,147.68307495117188,22.672033309936523
17,fourier,64,0.913556477093207,131.52818298339844,18.2830810546875
17,fourier,65,0.8863299763033176,137.8226318359375,21.761789321899414
17,fourier,66,0.9068177330173776,108.8305435180664,14.85063362121582
17,fourier,67,0.8908965244865719,143.27554321289062,21.24298858642578
17,fourier,68,0.9584320695102686,99.29667663574219,11.186394691467285
17,fourier,69,0.8866261848341233,187.77098083496094,27.315731048583984
17,fourier,70,0.9316992496050553,100.21098327636719,12.645445823669434
17,fourier,71,0.8855154028436019,143.24131774902344,21.66093635559082
17,fourier,72,0.8368631516587678,152.68130493164062,26.202556610107422
17,fourier,73,0.8977833728278041,134.47506713867188,18.941926956176758
17,fourier,74,0.8928959320695102,104.17169952392578,14.426185607910156
17,fourier,75,0.8675454186413902,166.24668884277344,25.811052322387695
17,fourier,76,0.86475612164297,147.26718139648438,23.759794235229492
17,fourier,77,0.8926984597156398,141.59864807128906,21.330568313598633
17,fourier,78,0.8491558056872038,152.33636474609375,25.578767776489258
17,fourier,79,0.8276560031595577,212.8687744140625,36.91579055786133
17,fourier,80,0.8725069115323855,144.14297485351562,22.1693058013916
17,fourier,81,0.845675355450237,171.30419921875,28.310447692871094
17,fourier,82,0.8124506319115324,187.20770263671875,33.33116912841797
17,fourier,83,0.9361176935229067,102.6176986694336,12.514284133911133
17,fourier,84,0.9053613744075829,144.9085235595703,20.143346786499023
17,fourier,85,0.9017081358609794,128.53640747070312,17.919925689697266
17,fourier,86,0.985905410742496,97.4006576538086,9.951131820678711
17,fourier,87,0.94288112164297,100.65444946289062,13.268084526062012
17,fourier,88,0.8625345576619273,174.83570861816406,28.028583526611328
17,fourier,89,0.9381664691943128,97.8028335571289,12.155077934265137
17,fourier,90,0.8525375197472354,171.7356414794922,28.365398406982422
17,fourier,91,0.8433056872037915,192.68829345703125,31.84549903869629
17,fourier,92,0.8576718009478673,170.62599182128906,27.415447235107422
17,fourier,93,0.8926244075829384,108.52303314208984,15.156661987304688
17,fourier,94,0.883836887835703,149.20347595214844,23.212749481201172
17,fourier,95,0.8536976698262243,192.1883087158203,30.7910213470459
17,fourier,96,0.8505134281200631,206.54283142089844,33.37285232543945
17,fourier,97,0.8022808056872038,213.8970184326172,40.05899429321289
17,fourier,98,0.9335999210110585,99.54007720947266,12.233675956726074
17,fourier,99,0.8345428515007899,155.2159881591797,25.36341667175293
17,fourier,100,0.8563882306477093,133.42474365234375,24.178810119628906
17,fourier,101,0.8602142575039494,194.99581909179688,30.49831199645996
17,fourier,102,0.8755430489731437,124.9444580078125,19.60857582092285
17,fourier,103,0.8902053712480252,136.28579711914062,20.210397720336914
17,fourier,104,0.9430045418641391,104.09172821044922,12.231002807617188
17,fourier,105,0.9401411927330173,101.28465270996094,12.056888580322266
17,fourier,106,0.8123765797788309,204.40476989746094,36.21792984008789
17,fourier,107,0.9523104265402843,93.73868560791016,10.33718204498291
17,fourier,108,0.8557958135860979,193.3146209716797,32.0251579284668
17,fourier,109,0.8464652448657188,165.70411682128906,28.698348999023438
17,fourier,110,0.892031990521327,160.1299285888672,23.782262802124023
17,fourier,111,0.8835406793048973,191.61181640625,29.399120330810547
17,fourier,112,0.9636897709320695,94.56863403320312,10.097199440002441
17,fourier,113,0.9406842417061612,99.0882797241211,11.990874290466309
17,fourier,114,0.868853672985782,134.68304443359375,23.777952194213867
17,fourier,115,0.9036828593996841,111.83535766601562,16.092172622680664
17,fourier,116,0.9041765402843602,106.77655029296875,15.12261962890625
17,fourier,117,0.8576224328593997,170.21560668945312,27.872648239135742
17,fourier,118,0.8263477488151659,179.8869171142578,30.793832778930664
17,fourier,119,0.8798874407582938,176.33209228515625,26.38956642150879
17,fourier,120,0.8717170221169036,176.02430725097656,26.898313522338867
17,fourier,121,0.8926244075829384,148.77029418945312,22.08712387084961
17,fourier,122,0.8697176145339652,154.6248779296875,24.439218521118164
17,fourier,123,0.8901806872037915,151.18125915527344,22.513301849365234
17,fourier,124,0.8574990126382307,148.3196563720703,23.47519874572754
17,fourier,125,0.8938832938388626,130.29904174804688,19.0416259765625
17,fourier,126,0.9302675750394944,102.32774353027344,13.289440155029297
17,fourier,127,0.8750246840442338,149.7928466796875,22.912155151367188
17,fourier,128,0.9523351105845181,93.71582794189453,10.432707786560059
17,fourier,129,0.9771178909952607,94.54981994628906,10.162327766418457
17,fourier,130,0.9748716429699842,94.78982543945312,9.625041961669922
17,fourier,131,0.9701076224328594,93.22291564941406,9.550065994262695
17,fourier,132,0.9624308846761453,93.34989929199219,9.97949504852295
17,fourier,133,0.9542604660347551,96.19939422607422,10.792701721191406
17,fourier,134,0.9012885071090048,104.28536224365234,14.072782516479492
17,fourier,135,0.8648301737756714,114.23838806152344,17.844606399536133
17,fourier,136,0.8370606240126383,157.08267211914062,26.18977928161621
17,fourier,137,0.9289593206951027,110.03804016113281,14.256343841552734
17,fourier,138,0.9216775276461295,103.3259506225586,13.737282752990723
17,fourier,139,0.9177280805687204,101.1351089477539,12.750100135803223
17,fourier,140,0.9222452606635071,113.4126205444336,15.033580780029297
17,fourier,141,0.9067436808846762,134.42266845703125,18.935890197753906
17,fourier,142,0.8986226303317536,172.54405212402344,24.89244842529297
17,fourier,143,0.9214060031595577,100.80607604980469,13.480436325073242
17,fourier,144,0.9916074249605056,94.30440521240234,9.364278793334961
17,fourier,145,0.9699595181674565,93.74813842773438,10.529274940490723
17,fourier,146,0.8773449842022117,176.287109375,26.83149528503418
17,fourier,147,0.9023252369668247,114.7664794921875,16.467052459716797
17,fourier,148,0.9639366113744076,101.03690338134766,11.813042640686035
17,fourier,149,0.9653682859399684,101.53856658935547,11.810234069824219
17,fourier,150,0.9612954186413902,100.37964630126953,11.820233345031738
17,fourier,151,0.8638428120063191,138.77249145507812,21.19852638244629
17,fourier,152,0.8851204581358609,106.94847106933594,15.764638900756836
17,fourier,153,0.9028189178515008,131.10586547851562,19.39997100830078
17,fourier,154,0.8967466429699842,137.5977020263672,19.449317932128906
17,fourier,155,0.9562105055292259,96.16488647460938,11.360803604125977
17,fourier,156,0.9670221169036335,94.134765625,10.700480461120605
17,fourier,157,0.9472008293838863,98.76793670654297,12.037934303283691
17,fourier,158,0.9318226698262243,103.63848114013672,13.790616035461426
17,fourier,159,0.9086196682464455,134.93978881835938,18.669994354248047
17,fourier,160,0.9140501579778831,113.88713073730469,15.242364883422852
17,fourier,161,0.9240718799368088,115.02855682373047,15.737404823303223
17,fourier,162,0.9105943917851501,124.3625717163086,16.87418556213379
17,fourier,163,0.8951915481832543,129.89247131347656,18.909772872924805
17,fourier,164,0.9378702606635071,114.88129425048828,14.974967002868652
17,fourier,165,0.9180983412322274,104.27031707763672,13.549113273620605
17,fourier,166,0.9026708135860979,101.32245635986328,14.653955459594727
17,fourier,167,0.8962776461295419,129.6947021484375,18.310447692871094
17,fourier,168,0.8974624802527646,122.87765502929688,17.29035186767578
17,fourier,169,0.9373518957345972,115.13285064697266,14.977910995483398
17,fourier,170,0.9419678120063191,117.2937240600586,15.007065773010254
17,fourier,171,0.9119766982622433,116.86199188232422,15.48313045501709
17,fourier,172,0.9920764218009479,94.12191772460938,9.355127334594727
17,fourier,173,0.8339751184834123,176.76446533203125,30.127487182617188
17,fourier,174,0.925972551342812,117.41633605957031,15.96921443939209
17,fourier,175,0.8932168246445498,122.02567291259766,17.462966918945312
17,fourier,176,0.9050157977883097,131.07159423828125,19.35053062438965
17,fourier,177,0.93698163507109,115.47428894042969,15.015263557434082
17,fourier,178,0.9383145734597157,115.14122009277344,14.976133346557617
17,fourier,179,0.9325385071090048,114.35295867919922,15.059459686279297
17,fourier,180,0.9920764218009479,94.12195587158203,9.353497505187988
17,fourier,181,0.9922985781990521,94.4544906616211,9.360962867736816
17,fourier,182,0.9596415876777251,98.8832778930664,11.643818855285645
17,fourier,183,0.9916567930489731,94.05187225341797,9.358161926269531
17,fourier,184,0.9464109399684044,96.03152465820312,11.63152027130127
17,fourier,185,0.961443522906793,96.96631622314453,11.091168403625488
17,fourier,186,0.9246642969984202,100.44832611083984,12.751673698425293
17,fourier,187,0.904077804107425,110.37901306152344,15.691688537597656
17,fourier,188,0.9014612954186414,111.57660675048828,15.68274974822998
17,fourier,189,0.9925454186413902,94.32157897949219,9.357806205749512
17,fourier,190,0.9762045813586098,93.81888580322266,9.797056198120117
17,fourier,191,0.9920764218009479,94.12168884277344,9.356732368469238
17,fourier,192,0.9912371642969984,93.90096282958984,9.356283187866211
17,fourier,193,0.9920764218009479,94.12165832519531,9.358671188354492
17,fourier,194,0.991286532385466,93.90233612060547,9.357903480529785
17,fourier,195,0.9920764218009479,94.12188720703125,9.35654067993164
17,fourier,196,0.9901263823064771,93.09588623046875,8.920178413391113
17,fourier,197,0.9920764218009479,94.12187194824219,9.355741500854492
17,fourier,198,0.991286532385466,93.90238189697266,9.358142852783203
17,fourier,199,0.9920764218009479,94.12181854248047,9.358146667480469
17,fourier,200,0.9920764218009479,94.12181854248047,9.354442596435547
17,fourier,201,0.8653485387045814,163.86465454101562,26.189538955688477
17,fourier,202,0.8047738941548184,217.53341674804688,38.89763641357422
17,fourier,203,0.8196090047393365,195.53933715820312,35.299652099609375
17,fourier,204,0.8430835308056872,159.29818725585938,27.028778076171875
17,fourier,205,0.9455223143759873,95.47216796875,11.02937126159668
17,fourier,206,0.9166419826224329,104.922119140625,13.587021827697754
17,fourier,207,0.8954137045813586,143.51585388183594,21.384885787963867
17,fourier,208,0.8479462875197472,199.8421630859375,33.0826416015625
17,fourier,209,0.8430835308056872,203.666259765625,34.80658721923828
17,fourier,210,0.8714208135860979,132.0558624267578,20.596576690673828
17,fourier,211,0.8868483412322274,127.70923614501953,19.556325912475586
17,fourier,212,0.9479166666666666,97.01425170898438,11.449864387512207
17,fourier,213,0.873839849921011,170.026611328125,25.80679702758789
17,fourier,214,0.8733214849921012,119.70307922363281,20.563589096069336
17,fourier,215,0.868977093206951,127.63640594482422,21.162864685058594
17,fourier,216,0.8353327409162717,130.4757080078125,24.286176681518555
17,fourier,217,0.846687401263823,124.6335678100586,23.868881225585938
17,fourier,218,0.8507109004739336,128.6843719482422,22.717761993408203
17,fourier,219,0.8532039889415481,125.72589874267578,23.696046829223633
17,fourier,220,0.8619915086887836,149.23764038085938,24.354822158813477
17,fourier,221,0.8925009873617693,124.25663757324219,17.99309539794922
17,fourier,222,0.8546850315955766,135.21617126464844,21.5867977142334
17,fourier,223,0.871791074249605,131.13365173339844,19.93701934814453
17,fourier,224,0.9495704976303317,98.2616958618164,11.365636825561523
17,fourier,225,0.9199002764612955,95.46527099609375,11.928016662597656
17,fourier,226,0.9314277251184834,95.023681640625,11.453482627868652
17,fourier,227,0.9363645339652449,101.99435424804688,12.769280433654785
17,fourier,228,0.9872877172195893,93.58030700683594,9.166383743286133
17,fourier,229,0.9728722353870458,96.82258605957031,10.716022491455078
17,fourier,230,0.9318967219589257,105.51083374023438,13.711943626403809
17,fourier,231,0.9241459320695102,101.51980590820312,12.883810997009277
17,fourier,232,0.9253554502369669,100.93779754638672,13.25323486328125
17,fourier,233,0.9119026461295419,108.88324737548828,14.424250602722168
17,fourier,234,0.8786532385466035,168.15794372558594,25.188535690307617
17,fourier,235,0.9108165481832543,125.11650848388672,17.033977508544922
17,fourier,236,0.9089158767772512,132.01548767089844,18.409381866455078
17,fourier,237,0.9123222748815166,112.4096908569336,14.80698299407959
17,fourier,238,0.9070892575039494,123.79861450195312,17.926000595092773
17,fourier,239,0.8942535545023697,152.13372802734375,22.290267944335938
17,fourier,240,0.886650868878357,128.07022094726562,18.99592399597168
17,fourier,241,0.8988694707740916,136.87747192382812,19.703529357910156
17,fourier,242,0.9144451026856241,113.34159088134766,14.28979206085205
17,fourier,243,0.9223686808846762,109.96207427978516,14.263406753540039
17,fourier,244,0.9345132306477093,99.72282409667969,12.257364273071289
17,fourier,245,0.8700138230647709,142.82589721679688,23.805715560913086
17,fourier,246,0.9062993680884676,112.95128631591797,15.24413776397705
17,fourier,247,0.9053366903633492,101.9094467163086,13.51408576965332
17,fourier,248,0.9611226303317536,99.31275939941406,12.143671989440918
17,fourier,249,0.9764020537124802,93.63959503173828,10.227696418762207
17,fourier,250,0.8738151658767772,147.5589141845703,22.7546443939209
17,fourier,251,0.8722107030015798,131.2876739501953,19.83830451965332
17,fourier,252,0.8741360584518167,150.14263916015625,22.846494674682617
17,fourier,253,0.8752715244865719,166.21961975097656,24.819618225097656
17,fourier,254,0.893833925750395,117.99440002441406,16.34348487854004
17,fourier,255,0.8784804502369669,112.40564727783203,17.30942726135254
17,fourier,256,0.8698904028436019,123.65084075927734,20.974109649658203
17,fourier,257,0.9502369668246445,93.96819305419922,10.317208290100098
17,fourier,258,0.9662075434439179,97.6650390625,11.379940032958984
17,fourier,259,0.8947966034755134,123.1693344116211,17.25377655029297
17,fourier,260,0.8791716034755134,144.19078063964844,22.550050735473633
17,fourier,261,0.9349081753554502,114.36368560791016,14.971721649169922
17,fourier,262,0.8797146524486572,140.7074432373047,21.96918296813965
17,fourier,263,0.8776658767772512,168.57569885253906,25.63715934753418
17,fourier,264,0.9366113744075829,107.74886322021484,13.139163970947266
17,fourier,265,0.8800849131121643,135.57476806640625,20.504728317260742
17,fourier,266,0.9643068720379147,93.51925659179688,9.667795181274414
17,fourier,267,0.9033372827804107,129.2646942138672,17.841293334960938
17,fourier,268,0.8750246840442338,156.2958221435547,23.48602294921875
17,fourier,269,0.9113842812006319,103.271484375,13.889162063598633
17,fourier,270,0.86475612164297,151.99618530273438,23.9519100189209
17,fourier,271,0.8409853870458136,196.12109375,32.81922912597656
17,fourier,272,0.8222995655608215,191.63372802734375,33.988224029541016
17,fourier,273,0.9570250789889415,95.8870620727539,10.384401321411133
17,fourier,274,0.9124456951026856,99.51907348632812,13.872997283935547
17,fourier,275,0.957345971563981,93.6028060913086,9.97240924835205
17,fourier,276,0.95364336492891,100.68758392333984,11.644116401672363
17,fourier,277,0.8976599526066351,111.66554260253906,16.198925018310547
17,fourier,278,0.9053366903633492,110.12963104248047,15.014830589294434
17,fourier,279,0.9272808056872038,105.97667694091797,13.334416389465332
17,fourier,280,0.94774387835703,98.17720794677734,11.11336612701416
17,fourier,281,0.8984745260663507,122.00605010986328,17.6799259185791
17,fourier,282,0.9158274091627172,100.52589416503906,13.092506408691406
17,fourier,283,0.8917357819905213,127.36029815673828,18.049962997436523
17,fourier,284,0.8935377172195893,132.5535888671875,20.16694450378418
17,fourier,285,0.8960554897314376,140.6566925048828,21.1267147064209
17,fourier,286,0.8723588072669827,121.53826141357422,19.48820686340332
17,fourier,287,0.8762588862559242,147.3095703125,21.798297882080078
17,fourier,288,0.8784804502369669,137.4415740966797,20.2253360748291
17,fourier,289,0.9282187993680885,99.38041687011719,12.303243637084961
17,fourier,290,0.8492051737756714,140.90042114257812,21.992807388305664
17,fourier,291,0.8691992496050553,148.19573974609375,23.308109283447266
17,fourier,292,0.8694460900473934,126.47942352294922,20.06747055053711
17,fourier,293,0.9010663507109005,128.4718017578125,17.916057586669922
17,fourier,294,0.8770981437598736,141.4640655517578,21.427738189697266
17,fourier,295,0.9323904028436019,113.86920928955078,14.997442245483398
17,fourier,296,0.9329581358609794,104.79066467285156,13.222896575927734
17,fourier,297,0.8215590442338072,187.6903839111328,32.80499267578125
17,fourier,298,0.8369125197472354,182.9960174560547,31.23943519592285
17,fourier,299,0.9093355055292259,133.49220275878906,19.507293701171875
17,fourier,300,0.8892426935229067,128.35731506347656,18.62763786315918
17,fourier,301,0.883836887835703,120.82623291015625,18.438329696655273
17,fourier,302,0.859128159557662,120.3616943359375,18.79524040222168
17,fourier,303,0.8261502764612955,166.2993621826172,28.166894912719727
17,fourier,304,0.834271327014218,164.8540496826172,29.292539596557617
17,fourier,305,0.9107671800947867,107.40069580078125,14.475031852722168
17,fourier,306,0.9467565165876777,105.43453979492188,12.24917984008789
42,mlp,0,0.8717417061611374,203.53309631347656,32.086673736572266
42,mlp,1,0.8409113349131122,173.42562866210938,29.844730377197266
42,mlp,2,0.8119075829383886,219.88522338867188,39.48740005493164
42,mlp,3,0.9334518167456556,148.2652130126953,20.9595947265625
42,mlp,4,0.8982030015797788,140.29013061523438,20.905540466308594
42,mlp,5,0.9238744075829384,193.06016540527344,28.430458068847656
42,mlp,6,0.862830766192733,142.0998992919922,23.055200576782227
42,mlp,7,0.9159261453396524,148.96499633789062,22.23630714416504
42,mlp,8,0.9004492496050553,152.75900268554688,22.439050674438477
42,mlp,9,0.9239978278041074,163.68930053710938,22.64531898498535
42,mlp,10,0.8404670221169036,213.2723388671875,35.882293701171875
42,mlp,11,0.9165432464454977,170.8129119873047,24.827791213989258
42,mlp,12,0.81788112164297,240.9415740966797,44.004703521728516
42,mlp,13,0.8841084123222749,126.44465637207031,18.966176986694336
42,mlp,14,0.8966232227488151,129.60093688964844,18.810550689697266
42,mlp,15,0.8899338467614534,195.9203643798828,30.998842239379883
42,mlp,16,0.913556477093207,213.69204711914062,31.590423583984375
42,mlp,17,0.893833925750395,216.1673583984375,34.03374481201172
42,mlp,18,0.8277300552922591,214.4757537841797,36.84779357910156
42,mlp,19,0.8992397314375987,209.15098571777344,31.629220962524414
42,mlp,20,0.8817634281200631,153.8147735595703,23.16145896911621
42,mlp,21,0.9402892969984202,129.14376831054688,16.60462760925293
42,mlp,22,0.8979561611374408,132.9008331298828,20.06103515625
42,mlp,23,0.8888971169036335,137.69876098632812,19.612817764282227
42,mlp,24,0.883836887835703,159.7100067138672,24.38236427307129
42,mlp,25,0.8786285545023697,161.71743774414062,24.752988815307617
42,mlp,26,0.8964751184834123,180.45455932617188,26.76137924194336
42,mlp,27,0.8687549368088467,152.71031188964844,25.271442413330078
42,mlp,28,0.857202804107425,196.8040771484375,30.90255355834961
42,mlp,29,0.9038556477093207,167.0458984375,24.23232078552246
42,mlp,30,0.8476253949447078,190.9373016357422,31.085962295532227
42,mlp,31,0.8238299763033176,147.20907592773438,27.869531631469727
42,mlp,32,0.8543888230647709,218.4191131591797,35.511810302734375
42,mlp,33,0.8753702606635071,164.2041015625,24.791444778442383
42,mlp,34,0.8883540679304898,175.68191528320312,27.62668228149414
42,mlp,35,0.8711739731437599,196.1007080078125,32.47233581542969
42,mlp,36,0.8754689968404423,181.66836547851562,28.835493087768555
42,mlp,37,0.9098291864139021,198.0452880859375,29.69237518310547
42,mlp,38,0.8921060426540285,166.4690399169922,25.881725311279297
42,mlp,39,0.8897857424960506,197.4176788330078,30.36488914489746
42,mlp,40,0.913556477093207,191.35357666015625,28.17282485961914
42,mlp,41,0.8210159952606635,252.88526916503906,46.36833572387695
42,mlp,42,0.8836640995260664,228.66311645507812,36.41208267211914
42,mlp,43,0.8529324644549763,228.5651092529297,37.479331970214844
42,mlp,44,0.9463862559241706,128.9337158203125,15.748079299926758
42,mlp,45,0.8955371248025277,218.35972595214844,33.8909912109375
42,mlp,46,0.9195546998420221,126.1195068359375,17.061817169189453
42,mlp,47,0.8972650078988942,149.02957153320312,22.993654251098633
42,mlp,48,0.8800355450236966,202.14987182617188,33.060211181640625
42,mlp,49,0.9281694312796208,129.29103088378906,17.61029052734375
42,mlp,50,0.8837628357030016,148.1954345703125,21.875947952270508
42,mlp,51,0.8907484202211691,203.79638671875,32.05269241333008
42,mlp,52,0.8706309241706162,188.2628173828125,29.93354034423828
42,mlp,53,0.8954137045813586,215.06214904785156,32.528228759765625
42,mlp,54,0.8946731832543444,140.72486877441406,21.203161239624023
42,mlp,55,0.8599674170616114,215.53456115722656,33.35736083984375
42,mlp,56,0.9001777251184834,221.9103546142578,34.521541595458984
42,mlp,57,0.7883343206951027,267.2038879394531,49.166561126708984
42,mlp,58,0.8462677725118484,243.7140655517578,41.91426467895508
42,mlp,59,0.8944016587677726,180.4208984375,27.18760108947754
42,mlp,60,0.968503159557662,117.49925994873047,12.841127395629883
42,mlp,61,0.9019302922590837,208.83108520507812,31.161205291748047
42,mlp,62,0.9114583333333334,138.86944580078125,19.50113296508789
42,mlp,63,0.9014119273301737,213.3339080810547,32.65303421020508
42,mlp,64,0.9152349921011058,172.3726806640625,24.664966583251953
42,mlp,65,0.8805045418641391,197.82846069335938,32.4566535949707
42,mlp,66,0.9089158767772512,154.04762268066406,22.605886459350586
42,mlp,67,0.9200483807266983,216.19598388671875,32.2298698425293
42,mlp,68,0.9002517772511849,121.93868255615234,16.602294921875
42,mlp,69,0.8596465244865719,240.58599853515625,40.28240966796875
42,mlp,70,0.9049170616113744,127.1212387084961,18.221092224121094
42,mlp,71,0.9034607030015798,204.98097229003906,31.1719913482666
42,mlp,72,0.8609547788309637,224.35752868652344,37.09898376464844
42,mlp,73,0.9158767772511849,188.8126983642578,27.423648834228516
42,mlp,74,0.8856635071090048,143.51927185058594,21.465858459472656
42,mlp,75,0.8574743285939969,216.1962890625,36.58363342285156
42,mlp,76,0.8803070695102686,211.31582641601562,34.122520446777344
42,mlp,77,0.8958580173775671,203.69564819335938,32.71459197998047
42,mlp,78,0.8680390995260664,212.714599609375,35.35576629638672
42,mlp,79,0.8293838862559242,257.70758056640625,44.118072509765625
42,mlp,80,0.8703100315955766,198.08920288085938,30.86248779296875
42,mlp,81,0.8552527646129542,228.28179931640625,38.48613739013672
42,mlp,82,0.8195102685624013,244.47181701660156,43.91944122314453
42,mlp,83,0.9302922590837283,134.65028381347656,17.740699768066406
42,mlp,84,0.9017328199052133,207.36196899414062,31.260318756103516
42,mlp,85,0.9094836097946287,192.17538452148438,28.016138076782227
42,mlp,86,0.9483609794628752,125.32000732421875,15.933646202087402
42,mlp,87,0.9024239731437599,136.54063415527344,20.21302604675293
42,mlp,88,0.8590047393364929,214.70680236816406,34.5872688293457
42,mlp,89,0.9065462085308057,129.04925537109375,18.33393096923828
42,mlp,90,0.8443177330173776,216.29502868652344,36.56682586669922
42,mlp,91,0.8380973538704581,237.18118286132812,40.391780853271484
42,mlp,92,0.8605104660347551,223.49392700195312,36.99672317504883
42,mlp,93,0.8824298973143759,152.2212371826172,23.016714096069336
42,mlp,94,0.8946238151658767,210.74383544921875,33.37533950805664
42,mlp,95,0.8416765402843602,238.09466552734375,39.55638885498047
42,mlp,96,0.839010663507109,254.38246154785156,42.18351745605469
42,mlp,97,0.7047541469194313,281.4972229003906,62.769344329833984
42,mlp,98,0.9198015402843602,131.38880920410156,17.48790740966797
42,mlp,99,0.8219046208530806,199.17083740234375,34.13203811645508
42,mlp,100,0.8717663902053713,187.332763671875,31.58172035217285
42,mlp,101,0.7884330568720379,257.25115966796875,49.19288635253906
42,mlp,102,0.8894154818325435,177.2239532470703,27.984848022460938
42,mlp,103,0.8868483412322274,198.38528442382812,31.221548080444336
42,mlp,104,0.9128159557661928,131.6245574951172,18.160001754760742
42,mlp,105,0.918937598736177,133.30076599121094,18.275789260864258
42,mlp,106,0.8127221563981043,253.095947265625,44.903751373291016
42,mlp,107,0.9483362954186414,117.16510009765625,13.927069664001465
42,mlp,108,0.7483955371248026,265.31494140625,56.727699279785156
42,mlp,109,0.8363694707740916,230.36729431152344,42.08551788330078
42,mlp,110,0.8714701816745656,229.23265075683594,38.28382110595703
42,mlp,111,0.8046504739336493,261.43524169921875,49.49665069580078
42,mlp,112,0.9279966429699842,121.0844955444336,15.81739330291748
42,mlp,113,0.8324447077409163,129.57029724121094,20.668819427490234
42,mlp,114,0.8537964060031595,185.64892578125,33.71485137939453
42,mlp,115,0.8740620063191153,148.9152374267578,24.53263282775879
42,mlp,116,0.8745556872037915,142.95101928710938,23.224769592285156
42,mlp,117,0.8480943917851501,213.7961883544922,35.3724365234375
42,mlp,118,0.8205469984202212,218.14662170410156,38.26863098144531
42,mlp,119,0.8581901658767772,227.84295654296875,38.54283905029297
42,mlp,120,0.8678663112164297,229.8816680908203,38.445499420166016
42,mlp,121,0.9004492496050553,214.8673553466797,33.161285400390625
42,mlp,122,0.8822324249605056,221.80349731445312,35.288490295410156
42,mlp,123,0.8928465639810427,210.04444885253906,32.587528228759766
42,mlp,124,0.9000049368088467,220.08419799804688,33.627559661865234
42,mlp,125,0.8893167456556083,191.57350158691406,30.11978530883789
42,mlp,126,0.9160248815165877,137.8889923095703,19.05059051513672
42,mlp,127,0.8856388230647709,213.8986053466797,33.39169692993164
42,mlp,128,0.9474229857819905,115.74388122558594,14.329471588134766
42,mlp,129,0.9681328988941548,120.5067138671875,13.9264554977417
42,mlp,130,0.9748469589257504,119.57344818115234,13.149239540100098
42,mlp,131,0.9678120063191153,117.16529846191406,13.30876350402832
42,mlp,132,0.9546800947867299,116.4512710571289,13.662800788879395
42,mlp,133,0.9266883886255924,125.40426635742188,16.202211380004883
42,mlp,134,0.8996840442338072,139.30123901367188,19.481271743774414
42,mlp,135,0.8786285545023697,168.06483459472656,26.092586517333984
42,mlp,136,0.8326174960505529,193.59906005859375,32.22589111328125
42,mlp,137,0.8491558056872038,144.4290771484375,22.906112670898438
42,mlp,138,0.8866755529225908,147.13967895507812,22.387542724609375
42,mlp,139,0.908422195892575,131.3434295654297,18.52533721923828
42,mlp,140,0.9323163507109005,161.62890625,22.098669052124023
42,mlp,141,0.9104956556082149,193.28311157226562,28.739025115966797
42,mlp,142,0.866928317535545,219.9644012451172,35.90480422973633
42,mlp,143,0.892155410742496,137.80519104003906,20.31157112121582
42,mlp,144,0.9505084913112164,120.48057556152344,15.69937801361084
42,mlp,145,0.9592219589257504,119.66542053222656,14.711287498474121
42,mlp,146,0.8832197867298578,235.38739013671875,36.7864875793457
42,mlp,147,0.8899585308056872,158.38641357421875,23.729475021362305
42,mlp,148,0.9316251974723538,139.4423828125,19.519620895385742
42,mlp,149,0.926095971563981,139.57460021972656,19.545957565307617
42,mlp,150,0.9296504739336493,138.8612060546875,19.50712776184082
42,mlp,151,0.8566350710900474,198.412109375,32.93324661254883
42,mlp,152,0.8791222353870458,145.14378356933594,22.126169204711914
42,mlp,153,0.9115817535545023,198.56602478027344,30.52385139465332
42,mlp,154,0.8841824644549763,197.24398803710938,30.748462677001953
42,mlp,155,0.9332049763033176,125.46721649169922,16.195180892944336
42,mlp,156,0.929946682464455,122.87812042236328,16.143892288208008
42,mlp,157,0.9257750789889415,133.2044219970703,17.979923248291016
42,mlp,158,0.9096810821484992,147.8077392578125,21.959571838378906
42,mlp,159,0.9035347551342812,200.2004852294922,30.291589736938477
42,mlp,160,0.8957099131121643,163.74188232421875,24.017826080322266
42,mlp,161,0.8674713665086888,159.8438262939453,26.091337203979492
42,mlp,162,0.9044974328593997,182.1024932861328,26.844852447509766
42,mlp,163,0.9010663507109005,193.5769805908203,30.14418601989746
42,mlp,164,0.9427083333333334,178.85116577148438,25.774658203125
42,mlp,165,0.8984992101105845,143.02049255371094,20.58744239807129
42,mlp,166,0.8813191153238547,136.6237030029297,21.579010009765625
42,mlp,167,0.8561167061611374,177.80307006835938,29.542749404907227
42,mlp,168,0.8883046998420221,175.00457763671875,26.003122329711914
42,mlp,169,0.9436216429699842,179.35482788085938,25.804908752441406
42,mlp,170,0.9341429699842022,178.61729431152344,26.02028465270996
42,mlp,171,0.8822571090047393,162.2501983642578,24.186424255371094
42,mlp,172,0.9502122827804107,120.55541229248047,15.691256523132324
42,mlp,173,0.8500197472353871,234.84730529785156,39.35245895385742
42,mlp,174,0.904843009478673,164.43458557128906,25.44634246826172
42,mlp,175,0.9034853870458136,178.33457946777344,26.092172622680664
42,mlp,176,0.9147166271721959,198.9415283203125,30.400590896606445
42,mlp,177,0.9400671406003159,178.90017700195312,25.870258331298828
42,mlp,178,0.9375246840442338,178.47723388671875,25.88080596923828
42,mlp,179,0.9368828988941548,177.55572509765625,25.914213180541992
42,mlp,180,0.9502369668246445,120.55276489257812,15.689957618713379
42,mlp,181,0.9471761453396524,120.35194396972656,15.721406936645508
42,mlp,182,0.919702804107425,133.1709442138672,18.45331382751465
42,mlp,183,0.9488546603475514,120.20769500732422,15.70411205291748
42,mlp,184,0.9099772906793049,127.12362670898438,17.873632431030273
42,mlp,185,0.9145932069510269,125.5687484741211,17.559648513793945
42,mlp,186,0.907015205371248,131.4033660888672,18.010835647583008
42,mlp,187,0.8864287124802528,149.90769958496094,22.49541473388672
42,mlp,188,0.870902448657188,148.70413208007812,22.788421630859375
42,mlp,189,0.9498420221169036,120.63752746582031,15.6992769241333
42,mlp,190,0.94774387835703,119.13873291015625,14.836853981018066
42,mlp,191,0.9502122827804107,120.55529022216797,15.691073417663574
42,mlp,192,0.950952804107425,120.44600677490234,15.68346118927002
42,mlp,193,0.9502369668246445,120.55105590820312,15.688998222351074
42,mlp,194,0.9508540679304898,120.58699035644531,15.683444023132324
42,mlp,195,0.9502369668246445,120.54960632324219,15.688292503356934
42,mlp,196,0.9716380331753555,115.74102783203125,13.510422706604004
42,mlp,197,0.9502122827804107,120.5550308227539,15.69097900390625
42,mlp,198,0.9508540679304898,120.58895874023438,15.683999061584473
42,mlp,199,0.9502369668246445,120.55011749267578,15.688618659973145
42,mlp,200,0.9502369668246445,120.5520248413086,15.689695358276367
42,mlp,201,0.8549565560821485,207.70535278320312,34.5998420715332
42,mlp,202,0.7998617693522907,254.031005859375,46.25815200805664
42,mlp,203,0.7478524881516587,265.9746398925781,55.879207611083984
42,mlp,204,0.8747778436018957,230.1829071044922,38.06114196777344
42,mlp,205,0.9385860979462876,120.78526306152344,15.262203216552734
42,mlp,206,0.8899585308056872,135.19374084472656,19.169170379638672
42,mlp,207,0.8997334123222749,207.77230834960938,31.85319709777832
42,mlp,208,0.7883096366508688,257.7085876464844,49.422996520996094
42,mlp,209,0.7951224328593997,253.09234619140625,48.908958435058594
42,mlp,210,0.8666567930489731,185.66868591308594,30.326200485229492
42,mlp,211,0.8673726303317536,179.9018096923828,29.813913345336914
42,mlp,212,0.9076323064770933,122.3436508178711,16.887758255004883
42,mlp,213,0.8501925355450237,223.41015625,37.4953498840332
42,mlp,214,0.8543394549763034,159.8437957763672,28.855852127075195
42,mlp,215,0.8534755134281201,170.53408813476562,30.256202697753906
42,mlp,216,0.8375543048973144,174.4282989501953,32.640586853027344
42,mlp,217,0.8307415086887836,167.6855010986328,32.867767333984375
42,mlp,218,0.8415037519747235,172.32028198242188,31.512067794799805
42,mlp,219,0.831457345971564,168.7061004638672,32.880245208740234
42,mlp,220,0.8710752369668247,205.26614379882812,34.054405212402344
42,mlp,221,0.8832938388625592,178.66641235351562,28.21053695678711
42,mlp,222,0.8224476698262243,172.61509704589844,30.150375366210938
42,mlp,223,0.8571781200631912,163.5522918701172,25.1802921295166
42,mlp,224,0.9262687598736177,130.1961212158203,17.2017765045166
42,mlp,225,0.9214306872037915,123.30172729492188,16.347732543945312
42,mlp,226,0.9242199842022117,118.46807098388672,16.062786102294922
42,mlp,227,0.9226648894154819,133.45489501953125,18.166351318359375
42,mlp,228,0.9634429304897314,118.73832702636719,14.548423767089844
42,mlp,229,0.9341923380726699,126.68981170654297,16.59699249267578
42,mlp,230,0.9043740126382307,142.0956268310547,20.540334701538086
42,mlp,231,0.9133343206951027,133.91656494140625,18.317960739135742
42,mlp,232,0.9106931279620853,127.19611358642578,18.12626838684082
42,mlp,233,0.8995853080568721,154.91513061523438,22.729246139526367
42,mlp,234,0.8910693127962085,225.02398681640625,34.7503662109375
42,mlp,235,0.8948953396524486,183.0180206298828,27.658748626708984
42,mlp,236,0.9104216034755134,196.898193359375,29.726402282714844
42,mlp,237,0.876160150078989,151.45947265625,23.006481170654297
42,mlp,238,0.9093848736176935,183.5779266357422,27.86470603942871
42,mlp,239,0.8902547393364929,214.97201538085938,33.69428253173828
42,mlp,240,0.877048775671406,175.36050415039062,27.761079788208008
42,mlp,241,0.9040037519747235,196.5401611328125,29.72964096069336
42,mlp,242,0.8928218799368088,144.49903869628906,20.95675277709961
42,mlp,243,0.8851451421800948,143.09613037109375,20.834503173828125
42,mlp,244,0.8869470774091627,129.69830322265625,19.121368408203125
42,mlp,245,0.8569806477093207,196.2206573486328,33.859256744384766
42,mlp,246,0.9002024091627172,150.62332153320312,21.817556381225586
42,mlp,247,0.9028682859399684,134.23193359375,19.481203079223633
42,mlp,248,0.9188388625592417,131.93959045410156,18.860015869140625
42,mlp,249,0.9340689178515008,121.69789123535156,16.021648406982422
42,mlp,250,0.8985238941548184,213.61715698242188,32.631591796875
42,mlp,251,0.853228672985782,180.34506225585938,29.55038070678711
42,mlp,252,0.9001283570300158,225.4917755126953,34.718570709228516
42,mlp,253,0.9049911137440758,220.1143341064453,33.19649887084961
42,mlp,254,0.9062746840442338,164.9087371826172,23.64353370666504
42,mlp,255,0.8655706951026856,152.64617919921875,24.030183792114258
42,mlp,256,0.8507849526066351,170.17282104492188,29.867223739624023
42,mlp,257,0.9443127962085308,120.07981872558594,14.641959190368652
42,mlp,258,0.9409804502369669,131.05401611328125,17.137855529785156
42,mlp,259,0.8925009873617693,169.22775268554688,25.466970443725586
42,mlp,260,0.8957839652448657,202.90879821777344,32.19557189941406
42,mlp,261,0.9417456556082149,179.73944091796875,25.84267234802246
42,mlp,262,0.8906003159557662,206.13238525390625,32.343170166015625
42,mlp,263,0.8605845181674565,219.20535278320312,35.08257293701172
42,mlp,264,0.8969687993680885,147.889892578125,21.531410217285156
42,mlp,265,0.8850464060031595,183.84210205078125,28.6864070892334
42,mlp,266,0.9562105055292259,111.71043395996094,12.805572509765625
42,mlp,267,0.9169135071090048,180.2176055908203,25.25272560119629
42,mlp,268,0.8642624407582938,200.78286743164062,31.651899337768555
42,mlp,269,0.8998321484992101,138.38922119140625,19.797231674194336
42,mlp,270,0.8654472748815166,207.5809326171875,32.800758361816406
42,mlp,271,0.8467120853080569,241.10861206054688,40.014007568359375
42,mlp,272,0.8189672195892576,245.9264373779297,44.14747619628906
42,mlp,273,0.9495951816745656,120.2220230102539,14.165905952453613
42,mlp,274,0.8605845181674565,124.36449432373047,19.575952529907227
42,mlp,275,0.9471267772511849,119.09538269042969,14.33669662475586
42,mlp,276,0.9541123617693523,130.54513549804688,16.054431915283203
42,mlp,277,0.8397265007898894,157.3076934814453,26.86278533935547
42,mlp,278,0.8988941548183255,141.75344848632812,20.270381927490234
42,mlp,279,0.9205420616113744,142.74041748046875,19.458131790161133
42,mlp,280,0.9298726303317536,128.3446807861328,16.822940826416016
42,mlp,281,0.9038803317535545,164.97015380859375,24.889299392700195
42,mlp,282,0.910865916271722,133.36819458007812,18.694583892822266
42,mlp,283,0.898178317535545,174.5997772216797,25.663389205932617
42,mlp,284,0.8886502764612955,188.49444580078125,30.333999633789062
42,mlp,285,0.8849723538704581,185.6543426513672,29.828800201416016
42,mlp,286,0.8886502764612955,172.3105926513672,27.467296600341797
42,mlp,287,0.8844539889415481,200.91664123535156,30.16362190246582
42,mlp,288,0.893957345971564,189.5088348388672,27.932464599609375
42,mlp,289,0.9228623617693523,130.21798706054688,17.416044235229492
42,mlp,290,0.8504146919431279,177.24266052246094,27.429489135742188
42,mlp,291,0.8778139810426541,222.39718627929688,36.32896423339844
42,mlp,292,0.8760860979462876,182.50881958007812,29.633766174316406
42,mlp,293,0.9162223538704581,185.07054138183594,25.916481018066406
42,mlp,294,0.8891933254344392,205.56317138671875,31.766719818115234
42,mlp,295,0.9362904818325435,177.71578979492188,25.933298110961914
42,mlp,296,0.9235781990521327,144.21627807617188,19.612272262573242
42,mlp,297,0.7848538704581358,251.7702178955078,49.205501556396484
42,mlp,298,0.8150918246445498,241.20523071289062,45.54888153076172
42,mlp,299,0.9095576619273301,196.60946655273438,30.411556243896484
42,mlp,300,0.8912914691943128,185.83062744140625,28.736146926879883
42,mlp,301,0.8773449842022117,167.88021850585938,27.236936569213867
42,mlp,302,0.8791962875197472,173.67526245117188,26.629314422607422
42,mlp,303,0.8160298183254344,200.62632751464844,34.28722381591797
42,mlp,304,0.8482671800947867,219.89218139648438,37.86044692993164
42,mlp,305,0.9024239731437599,144.4510955810547,20.696880340576172
42,mlp,306,0.9105450236966824,142.66293334960938,19.540294647216797
42,fourier,0,0.8700138230647709,202.1998291015625,32.0037841796875
42,fourier,1,0.8524387835703001,177.2045135498047,29.714963912963867
42,fourier,2,0.8135614139020537,217.35113525390625,39.194950103759766
42,fourier,3,0.9420665481832543,150.25881958007812,20.812644958496094
42,fourier,4,0.9112855450236966,142.9494171142578,20.649620056152344
42,fourier,5,0.9232573064770933,192.23370361328125,28.421710968017578
42,fourier,6,0.8682365718799369,142.66241455078125,22.92768669128418
42,fourier,7,0.909187401263823,147.3578643798828,22.272048950195312
42,fourier,8,0.9151115718799369,155.75416564941406,22.14410972595215
42,fourier,9,0.9163951421800948,158.05914306640625,22.64026641845703
42,fourier,10,0.839775868878357,211.2737274169922,35.87478256225586
42,fourier,11,0.9109646524486572,169.26614379882812,25.060827255249023
42,fourier,12,0.8382207740916272,252.04779052734375,43.48133850097656
42,fourier,13,0.8925750394944708,127.70426940917969,18.810590744018555
42,fourier,14,0.9043740126382307,130.59022521972656,18.662403106689453
42,fourier,15,0.8947966034755134,197.00747680664062,30.73285675048828
42,fourier,16,0.904201224328594,212.56881713867188,31.66957664489746
42,fourier,17,0.8959320695102686,215.33718872070312,33.826168060302734
42,fourier,18,0.8325681279620853,215.52996826171875,36.811302185058594
42,fourier,19,0.8963023301737757,207.33303833007812,31.644561767578125
42,fourier,20,0.8938586097946287,155.90919494628906,23.012948989868164
42,fourier,21,0.9425355450236966,129.05926513671875,16.544126510620117
42,fourier,22,0.9121988546603476,135.57310485839844,19.714069366455078
42,fourier,23,0.9024239731437599,140.10304260253906,19.38817596435547
42,fourier,24,0.8884281200631912,159.42066955566406,24.296165466308594
42,fourier,25,0.8854660347551343,161.99447631835938,24.69198989868164
42,fourier,26,0.8997827804107424,176.77548217773438,26.596912384033203
42,fourier,27,0.873469589257504,152.41519165039062,25.1495304107666
42,fourier,28,0.8543394549763034,190.30702209472656,30.833759307861328
42,fourier,29,0.9171603475513428,168.99533081054688,23.9935245513916
42,fourier,30,0.8468848736176935,184.097900390625,30.95890998840332
42,fourier,31,0.8351599526066351,149.13723754882812,27.577835083007812
42,fourier,32,0.8515748420221169,216.8712158203125,35.5638313293457
42,fourier,33,0.8842071484992101,164.43702697753906,24.563947677612305
42,fourier,34,0.9016587677725119,179.8093719482422,27.22779655456543
42,fourier,35,0.8665086887835703,194.13458251953125,32.71941375732422
42,fourier,36,0.8768019352290679,179.66952514648438,28.83371353149414
42,fourier,37,0.9028929699842022,195.34091186523438,29.653553009033203
42,fourier,38,0.9038309636650869,168.55406188964844,25.588449478149414
42,fourier,39,0.8804551737756714,192.34817504882812,30.43113136291504
42,fourier,40,0.9087924565560821,189.07020568847656,28.237018585205078
42,fourier,41,0.8583876382306477,270.66558837890625,44.970516204833984
42,fourier,42,0.8695201421800948,225.2328643798828,36.52628707885742
42,fourier,43,0.8579186413902053,237.13735961914062,37.783390045166016
42,fourier,44,0.9426095971563981,125.85102081298828,15.652195930480957
42,fourier,45,0.895240916271722,219.0244598388672,33.8357048034668
42,fourier,46,0.9219737361769352,125.6998062133789,17.0118350982666
42,fourier,47,0.9036581753554502,149.36753845214844,22.87240982055664
42,fourier,48,0.8848983017377567,203.78395080566406,32.44609451293945
42,fourier,49,0.9392031990521327,131.5386962890625,17.481332778930664
42,fourier,50,0.8895142180094787,148.00123596191406,21.728139877319336
42,fourier,51,0.8888971169036335,202.8249969482422,32.07752227783203
42,fourier,52,0.8727537519747235,187.69166564941406,29.819154739379883
42,fourier,53,0.9034853870458136,218.63803100585938,32.51353454589844
42,fourier,54,0.8990422590837283,140.82821655273438,21.165067672729492
42,fourier,55,0.8513280015797788,206.5494842529297,33.33235549926758
42,fourier,56,0.8922047788309637,220.6079864501953,34.595436096191406
42,fourier,57,0.8003060821484992,272.1201171875,48.6025390625
42,fourier,58,0.8662371642969984,253.58148193359375,41.26333999633789
42,fourier,59,0.9000789889415481,179.38818359375,27.037729263305664
42,fourier,60,0.9665531200631912,116.2879638671875,12.785311698913574
42,fourier,61,0.889094589257504,203.58303833007812,31.419893264770508
42,fourier,62,0.9163457740916272,139.22959899902344,19.40160369873047
42,fourier,63,0.8962776461295419,211.83656311035156,32.559120178222656
42,fourier,64,0.9133343206951027,168.22433471679688,24.55946922302246
42,fourier,65,0.8828742101105845,197.40911865234375,32.40254211425781
42,fourier,66,0.9142476303317536,153.85009765625,22.495689392089844
42,fourier,67,0.9169875592417062,216.07713317871094,32.33542251586914
42,fourier,68,0.9079038309636651,123.58091735839844,16.532075881958008
42,fourier,69,0.8834419431279621,247.57676696777344,39.539161682128906
42,fourier,70,0.9108165481832543,128.3256072998047,18.112905502319336
42,fourier,71,0.8926244075829384,201.8229217529297,31.522953033447266
42,fourier,72,0.8648795418641391,225.25750732421875,36.97132873535156
42,fourier,73,0.904843009478673,186.38075256347656,27.640911102294922
42,fourier,74,0.9008441943127962,147.62002563476562,21.29524803161621
42,fourier,75,0.873716429699842,223.2097930908203,35.941768646240234
42,fourier,76,0.8778633491311216,209.30538940429688,34.11312484741211
42,fourier,77,0.8964257503949447,204.4580078125,32.64324951171875
42,fourier,78,0.8640402843601895,211.576171875,35.45966720581055
42,fourier,79,0.8436018957345972,260.93096923828125,43.616859436035156
42,fourier,80,0.8574002764612955,188.28237915039062,30.893457412719727
42,fourier,81,0.8724822274881516,235.7211151123047,37.96767044067383
42,fourier,82,0.8297047788309637,250.3803253173828,43.758995056152344
42,fourier,83,0.9328593996840442,135.01614379882812,17.613794326782227
42,fourier,84,0.9007948262243286,206.7090606689453,31.1707820892334
42,fourier,85,0.9024980252764613,187.7853546142578,28.096057891845703
42,fourier,86,0.9505331753554502,124.78346252441406,15.836036682128906
42,fourier,87,0.9090392969984202,137.6023712158203,20.134300231933594
42,fourier,88,0.8535742496050553,208.36509704589844,34.61594009399414
42,fourier,89,0.9198509083728278,131.91567993164062,18.175399780273438
42,fourier,90,0.8459468799368088,215.28643798828125,36.15614700317383
42,fourier,91,0.8529077804107424,242.67454528808594,39.873722076416016
42,fourier,92,0.8746791074249605,230.04931640625,36.63124465942383
42,fourier,93,0.9052626382306477,158.28863525390625,22.722692489624023
42,fourier,94,0.8909212085308057,208.88027954101562,33.47224426269531
42,fourier,95,0.8570546998420221,245.1160125732422,39.30535125732422
42,fourier,96,0.8458481437598736,258.9452209472656,42.188720703125
42,fourier,97,0.7733017377567141,301.50701904296875,59.70402526855469
42,fourier,98,0.9263674960505529,131.20297241210938,17.33546257019043
42,fourier,99,0.8270635860979463,197.50399780273438,34.04411697387695
42,fourier,100,0.8745063191153238,185.6200408935547,31.551984786987305
42,fourier,101,0.84375,276.8900146484375,47.497894287109375
42,fourier,102,0.9004492496050553,179.01502990722656,27.4693546295166
42,fourier,103,0.8901313191153238,198.88525390625,31.135684967041016
42,fourier,104,0.9196534360189573,131.5063018798828,18.00257110595703
42,fourier,105,0.9281447472353871,133.8662109375,18.124813079833984
42,fourier,106,0.8262736966824644,258.3478088378906,44.45428466796875
42,fourier,107,0.9443127962085308,116.36013793945312,13.913899421691895
42,fourier,108,0.8220280410742496,288.2998352050781,53.46820831298828
42,fourier,109,0.8668789494470774,240.34861755371094,40.817752838134766
42,fourier,110,0.8822324249605056,231.60745239257812,37.782291412353516
42,fourier,111,0.8511552132701422,277.4720458984375,47.77109146118164
42,fourier,112,0.9343898104265402,122.04196166992188,15.72700023651123
42,fourier,113,0.842219589257504,130.36798095703125,20.547243118286133
42,fourier,114,0.8626826619273301,186.5958251953125,33.04935836791992
42,fourier,115,0.8751234202211691,149.4582061767578,24.754932403564453
42,fourier,116,0.8748518957345972,142.02789306640625,23.28572654724121
42,fourier,117,0.8407138625592417,207.70907592773438,35.37999725341797
42,fourier,118,0.8157829778830964,212.6269989013672,38.3219108581543
42,fourier,119,0.8758886255924171,233.3280487060547,38.03984069824219
42,fourier,120,0.877172195892575,234.62144470214844,38.20940399169922
42,fourier,121,0.8933649289099526,212.70401000976562,33.002201080322266
42,fourier,122,0.8787766587677726,221.78500366210938,35.20146942138672
42,fourier,123,0.8963763823064771,210.69290161132812,32.37849044799805
42,fourier,124,0.9009676145339652,220.497314453125,33.59462356567383
42,fourier,125,0.90138724328594,194.67591857910156,29.95629119873047
42,fourier,126,0.9279225908372828,140.74200439453125,18.892108917236328
42,fourier,127,0.8777892969984202,213.6470947265625,33.68686294555664
42,fourier,128,0.9473242496050553,115.97328186035156,14.326844215393066
42,fourier,129,0.9643809241706162,119.0945053100586,13.903637886047363
42,fourier,130,0.9721563981042654,118.86183166503906,13.146256446838379
42,fourier,131,0.9628998815165877,115.50140380859375,13.302834510803223
42,fourier,132,0.950952804107425,115.3417739868164,13.639059066772461
42,fourier,133,0.9410051342812006,127.99668884277344,16.024335861206055
42,fourier,134,0.9156299368088467,143.7792510986328,19.345388412475586
42,fourier,135,0.8850217219589257,168.4939727783203,25.9877872467041
42,fourier,136,0.8364928909952607,191.5958709716797,32.13761520385742
42,fourier,137,0.8538210900473934,143.91224670410156,22.778425216674805
42,fourier,138,0.9005479857819905,150.34799194335938,22.26163673400879
42,fourier,139,0.9237263033175356,134.59523010253906,18.353782653808594
42,fourier,140,0.9297492101105845,159.44464111328125,22.099918365478516
42,fourier,141,0.9067436808846762,191.9105987548828,28.885793685913086
42,fourier,142,0.8894401658767772,227.910888671875,35.419715881347656
42,fourier,143,0.9117792259083728,141.17868041992188,20.045684814453125
42,fourier,144,0.9562845576619273,121.37666320800781,15.587045669555664
42,fourier,145,0.956062401263823,118.36649322509766,14.68459701538086
42,fourier,146,0.9003011453396524,241.53033447265625,36.461509704589844
42,fourier,147,0.90086887835703,160.0513458251953,23.56218719482422
42,fourier,148,0.9429304897314376,140.49440002441406,19.362579345703125
42,fourier,149,0.9380430489731437,139.68533325195312,19.386518478393555
42,fourier,150,0.9437944312796208,140.86012268066406,19.318532943725586
42,fourier,151,0.8632750789889415,200.57608032226562,32.77255630493164
42,fourier,152,0.8958086492890995,147.58424377441406,21.911006927490234
42,fourier,153,0.901634083728278,194.13031005859375,30.57185173034668
42,fourier,154,0.8944016587677726,197.4329376220703,30.58293914794922
42,fourier,155,0.9383392575039494,127.02601623535156,16.158401489257812
42,fourier,156,0.9351056477093207,123.50249481201172,16.06233024597168
42,fourier,157,0.935056279620853,135.9458465576172,17.895294189453125
42,fourier,158,0.9273548578199052,151.26315307617188,21.71238136291504
42,fourier,159,0.914963467614534,201.41868591308594,30.115114212036133
42,fourier,160,0.9055341627172195,163.34288024902344,23.877513885498047
42,fourier,161,0.8780855055292259,162.34910583496094,25.952699661254883
42,fourier,162,0.9078050947867299,182.61451721191406,26.847862243652344
42,fourier,163,0.9083728278041074,195.0654296875,30.12727928161621
42,fourier,164,0.935056279620853,173.88327026367188,25.84174919128418
42,fourier,165,0.9112855450236966,145.48953247070312,20.3942928314209
42,fourier,166,0.8915629936808847,138.72171020507812,21.485322952270508
42,fourier,167,0.8735436413902053,182.57693481445312,29.271120071411133
42,fourier,168,0.8982276856240127,173.38150024414062,25.85292625427246
42,fourier,169,0.9325138230647709,173.50595092773438,25.91590690612793
42,fourier,170,0.92135663507109,171.4979705810547,26.143123626708984
42,fourier,171,0.8911680489731437,163.1625213623047,23.962799072265625
42,fourier,172,0.9571484992101106,121.44461059570312,15.58038330078125
42,fourier,173,0.862707345971564,239.88052368164062,38.819915771484375
42,fourier,174,0.9126678515007899,165.84487915039062,25.357563018798828
42,fourier,175,0.9075582543443917,177.1125030517578,25.997901916503906
42,fourier,176,0.9025227093206951,193.6125030517578,30.4726505279541
42,fourier,177,0.9279719589257504,173.02638244628906,26.014375686645508
42,fourier,178,0.9314030410742496,173.68414306640625,25.941450119018555
42,fourier,179,0.9343651263823065,174.89614868164062,25.950172424316406
42,fourier,180,0.9571731832543444,121.4419174194336,15.579071998596191
42,fourier,181,0.9538655213270142,121.44351196289062,15.614767074584961
42,fourier,182,0.9282928515007899,135.39871215820312,18.411434173583984
42,fourier,183,0.9559883491311216,121.23517608642578,15.593984603881836
42,fourier,184,0.9209616903633492,129.88949584960938,17.736148834228516
42,fourier,185,0.9234794628751974,127.5980224609375,17.406015396118164
42,fourier,186,0.9136058451816745,135.16403198242188,18.03731918334961
42,fourier,187,0.9000296208530806,153.45193481445312,22.36830711364746
42,fourier,188,0.8847501974723538,149.32244873046875,22.53804588317871
42,fourier,189,0.9564079778830964,121.51968383789062,15.587324142456055
42,fourier,190,0.9519154818325435,119.72410583496094,14.752233505249023
42,fourier,191,0.9571484992101106,121.44453430175781,15.580193519592285
42,fourier,192,0.9571238151658767,121.34693145751953,15.579249382019043
42,fourier,193,0.9571731832543444,121.44027709960938,15.578095436096191
42,fourier,194,0.9571238151658767,121.46240997314453,15.574825286865234
42,fourier,195,0.9571978672985783,121.43900299072266,15.57736873626709
42,fourier,196,0.9686759478672986,114.58423614501953,13.515827178955078
42,fourier,197,0.9571484992101106,121.44390869140625,15.580102920532227
42,fourier,198,0.9571238151658767,121.46308135986328,15.575435638427734
42,fourier,199,0.9571978672985783,121.43941497802734,15.57770824432373
42,fourier,200,0.9571731832543444,121.44136047363281,15.578801155090332
42,fourier,201,0.8646080173775671,210.4904022216797,34.28227615356445
42,fourier,202,0.794184439178515,247.91197204589844,46.19517135620117
42,fourier,203,0.7957642180094787,276.6872253417969,54.17572021484375
42,fourier,204,0.8738151658767772,230.4428253173828,37.99456787109375
42,fourier,205,0.937746840442338,120.33026885986328,15.212251663208008
42,fourier,206,0.904324644549763,139.1902618408203,19.026185989379883
42,fourier,207,0.8950928120063191,206.0002899169922,31.9820613861084
42,fourier,208,0.8260515402843602,272.47967529296875,47.81281661987305
42,fourier,209,0.8370359399684044,269.08990478515625,46.96500778198242
42,fourier,210,0.8671011058451816,185.05581665039062,30.21052360534668
42,fourier,211,0.8744322669826224,179.50833129882812,29.653581619262695
42,fourier,212,0.9142723143759873,123.76298522949219,16.780746459960938
42,fourier,213,0.8667061611374408,228.11648559570312,36.962318420410156
42,fourier,214,0.8589800552922591,160.3891143798828,29.01788330078125
42,fourier,215,0.8457740916271722,168.34242248535156,30.335817337036133
42,fourier,216,0.8341232227488151,173.5935516357422,32.76554489135742
42,fourier,217,0.8379245655608215,166.81085205078125,32.78175735473633
42,fourier,218,0.8339010663507109,170.38827514648438,31.767292022705078
42,fourier,219,0.8312598736176935,165.964599609375,32.98998260498047
42,fourier,220,0.8775424565560821,207.20579528808594,33.71090316772461
42,fourier,221,0.8824052132701422,177.58493041992188,28.04583740234375
42,fourier,222,0.8417505924170616,176.43325805664062,29.50318717956543
42,fourier,223,0.8692239336492891,162.61732482910156,24.8836612701416
42,fourier,224,0.9299219984202212,130.42002868652344,17.083786010742188
42,fourier,225,0.9246149289099526,123.91007232666016,16.300273895263672
42,fourier,226,0.9209370063191153,118.4142837524414,16.085956573486328
42,fourier,227,0.9187154423380727,134.36785888671875,18.236446380615234
42,fourier,228,0.9636157187993681,118.28087615966797,14.505067825317383
42,fourier,229,0.9383886255924171,126.90594482421875,16.528791427612305
42,fourier,230,0.914321682464455,142.41099548339844,20.369047164916992
42,fourier,231,0.9206407977883097,135.11996459960938,18.216047286987305
42,fourier,232,0.9178761848341233,128.57272338867188,17.962860107421875
42,fourier,233,0.9099279225908373,157.18214416503906,22.56010627746582
42,fourier,234,0.8860337677725119,223.09890747070312,34.7614860534668
42,fourier,235,0.9028189178515008,183.98057556152344,27.56222915649414
42,fourier,236,0.9122235387045814,196.07257080078125,29.730310440063477
42,fourier,237,0.8905756319115324,155.05490112304688,22.805870056152344
42,fourier,238,0.9051639020537124,179.80027770996094,27.963165283203125
42,fourier,239,0.8944263428120063,216.4307861328125,33.59016418457031
42,fourier,240,0.8697176145339652,171.2212677001953,27.966886520385742
42,fourier,241,0.8945250789889415,192.93536376953125,29.816062927246094
42,fourier,242,0.904201224328594,147.918701171875,20.882946014404297
42,fourier,243,0.8930934044233807,142.6704864501953,20.69058609008789
42,fourier,244,0.9011650868878357,132.41693115234375,18.912250518798828
42,fourier,245,0.8615718799368088,196.6661376953125,33.30042266845703
42,fourier,246,0.9060278436018957,151.12179565429688,21.70697784423828
42,fourier,247,0.9098538704581358,136.1247100830078,19.4204158782959
42,fourier,248,0.9268858609794629,133.89768981933594,18.77272605895996
42,fourier,249,0.9344885466034755,121.1069564819336,15.975166320800781
42,fourier,250,0.8854660347551343,210.70596313476562,32.84039306640625
42,fourier,251,0.8668542654028436,182.76634216308594,29.280839920043945
42,fourier,252,0.9068671011058452,227.97119140625,34.57682800292969
42,fourier,253,0.9039296998420221,219.40325927734375,33.10883331298828
42,fourier,254,0.90625,163.3966064453125,23.59627914428711
42,fourier,255,0.8780855055292259,154.21530151367188,23.73910140991211
42,fourier,256,0.8638181279620853,173.27024841308594,29.76254653930664
42,fourier,257,0.9443374802527646,119.96524810791016,14.572750091552734
42,fourier,258,0.9445349526066351,129.9465789794922,17.017478942871094
42,fourier,259,0.8915136255924171,168.85691833496094,25.518104553222656
42,fourier,260,0.8910199447077409,201.35011291503906,32.311214447021484
42,fourier,261,0.9355005924170616,174.66578674316406,25.888032913208008
42,fourier,262,0.8910446287519748,205.47047424316406,32.17283630371094
42,fourier,263,0.8667308451816745,217.569091796875,34.939727783203125
42,fourier,264,0.8998321484992101,147.4463348388672,21.49114990234375
42,fourier,265,0.8868236571879937,183.56808471679688,28.71826934814453
42,fourier,266,0.9549516192733017,111.63057708740234,12.821948051452637
42,fourier,267,0.9147906793048973,176.14260864257812,25.149784088134766
42,fourier,268,0.8617693522906793,196.60125732421875,31.489465713500977
42,fourier,269,0.9181230252764613,140.96206665039062,19.53043556213379
42,fourier,270,0.8649042259083728,204.29954528808594,32.717960357666016
42,fourier,271,0.8557217614533965,244.20596313476562,39.84083557128906
42,fourier,272,0.8492051737756714,256.298583984375,43.1901969909668
42,fourier,273,0.9473736176935229,120.30680084228516,14.202723503112793
42,fourier,274,0.863225710900474,125.59772491455078,19.58741569519043
42,fourier,275,0.944806477093207,118.44009399414062,14.303604125976562
42,fourier,276,0.9511749605055292,129.21331787109375,16.098739624023438
42,fourier,277,0.8532780410742496,160.2686309814453,26.715213775634766
42,fourier,278,0.910470971563981,143.00868225097656,20.07178497314453
42,fourier,279,0.9324397709320695,144.5381317138672,19.27313995361328
42,fourier,280,0.943522906793049,130.369140625,16.62004852294922
42,fourier,281,0.9044727488151659,163.17294311523438,24.869060516357422
42,fourier,282,0.9220477883096366,134.97052001953125,18.518770217895508
42,fourier,283,0.8983757898894155,172.50564575195312,25.611059188842773
42,fourier,284,0.8918838862559242,188.83607482910156,29.837520599365234
42,fourier,285,0.8888971169036335,186.4371795654297,29.503726959228516
42,fourier,286,0.9021277646129542,175.34814453125,26.881017684936523
42,fourier,287,0.8862312401263823,199.52330017089844,30.019756317138672
42,fourier,288,0.8952656003159558,187.6270294189453,27.863300323486328
42,fourier,289,0.9357968009478673,132.69630432128906,17.212127685546875
42,fourier,290,0.8542654028436019,176.49148559570312,27.33698081970215
42,fourier,291,0.8908965244865719,227.30455017089844,35.755882263183594
42,fourier,292,0.884083728278041,184.18243408203125,29.110294342041016
42,fourier,293,0.9129640600315956,180.26153564453125,25.839994430541992
42,fourier,294,0.8903287914691943,203.7865753173828,31.7128963470459
42,fourier,295,0.9315758293838863,174.1853790283203,25.94669532775879
42,fourier,296,0.9383392575039494,147.32757568359375,19.40924072265625
42,fourier,297,0.8278041074249605,268.3604736328125,47.47056579589844
42,fourier,298,0.8512292654028436,256.2806396484375,44.1591682434082
42,fourier,299,0.9027695497630331,193.7360076904297,30.345407485961914
42,fourier,300,0.9033372827804107,188.09088134765625,28.450037002563477
42,fourier,301,0.8912421011058452,170.85781860351562,26.921436309814453
42,fourier,302,0.8788260268562401,171.67788696289062,26.61381721496582
42,fourier,303,0.8198558451816745,197.88929748535156,34.1900749206543
42,fourier,304,0.8530312006319115,222.01806640625,37.788909912109375
42,fourier,305,0.9156299368088467,145.7691650390625,20.474807739257812
42,fourier,306,0.921233214849921,143.5549774169922,19.366207122802734
73,mlp,0,0.8835406793048973,149.4434051513672,22.42501449584961
73,mlp,1,0.8692979857819905,130.57589721679688,21.43008804321289
73,mlp,2,0.8255825434439179,188.58363342285156,33.22047805786133
73,mlp,3,0.9300701026856241,107.55780792236328,14.703614234924316
73,mlp,4,0.9217022116903634,111.20855712890625,16.3837890625
73,mlp,5,0.9212578988941548,120.75708770751953,14.978742599487305
73,mlp,6,0.8862312401263823,111.35604095458984,18.169883728027344
73,mlp,7,0.9324644549763034,121.2413101196289,17.605697631835938
73,mlp,8,0.9289346366508688,112.49036407470703,14.857464790344238
73,mlp,9,0.9190857030015798,112.40907287597656,15.452654838562012
73,mlp,10,0.7737954186413902,155.97979736328125,28.412353515625
73,mlp,11,0.9184686018957346,121.53075408935547,17.223506927490234
73,mlp,12,0.8390353475513428,200.95657348632812,35.40495300292969
73,mlp,13,0.9249358214849921,101.14897918701172,13.883196830749512
73,mlp,14,0.9154077804107424,101.22870635986328,14.238125801086426
73,mlp,15,0.8780855055292259,136.5536346435547,22.014684677124023
73,mlp,16,0.9068671011058452,143.1737060546875,20.22239112854004
73,mlp,17,0.8978327409162717,142.7840118408203,21.01004409790039
73,mlp,18,0.7746099921011058,158.20120239257812,29.384965896606445
73,mlp,19,0.8802330173775671,139.87692260742188,21.346376419067383
73,mlp,20,0.915333728278041,113.43278503417969,15.498838424682617
73,mlp,21,0.9792407187993681,102.44810485839844,11.386456489562988
73,mlp,22,0.9222946287519748,104.9975814819336,15.685781478881836
73,mlp,23,0.9041518562401264,104.23637390136719,14.639960289001465
73,mlp,24,0.8698163507109005,111.4504623413086,18.102481842041016
73,mlp,25,0.9010663507109005,120.05848693847656,17.32572364807129
73,mlp,26,0.8769006714060031,118.99406433105469,18.153369903564453
73,mlp,27,0.8603623617693523,117.2633285522461,20.775426864624023
73,mlp,28,0.8435278436018957,156.3226318359375,25.068588256835938
73,mlp,29,0.91701224328594,112.85779571533203,14.978938102722168
73,mlp,30,0.8531052527646129,152.0745391845703,24.180158615112305
73,mlp,31,0.7600217219589257,117.3296890258789,25.3408260345459
73,mlp,32,0.8472798183254344,162.8772735595703,26.47083282470703
73,mlp,33,0.8832197867298578,123.71053314208984,18.145978927612305
73,mlp,34,0.9166666666666666,123.76514434814453,17.454957962036133
73,mlp,35,0.8668542654028436,141.6568145751953,25.133544921875
73,mlp,36,0.8461690363349131,127.06204223632812,21.83953857421875
73,mlp,37,0.8995359399684044,130.619140625,19.332447052001953
73,mlp,38,0.9003998815165877,116.8763427734375,17.757198333740234
73,mlp,39,0.8705815560821485,129.39208984375,19.792694091796875
73,mlp,40,0.9147413112164297,126.90343475341797,17.803556442260742
73,mlp,41,0.881788112164297,196.73703002929688,28.233610153198242
73,mlp,42,0.8647314375987362,153.65293884277344,23.77864646911621
73,mlp,43,0.8377764612954186,172.97390747070312,27.988006591796875
73,mlp,44,0.946583728278041,103.21883392333984,12.640292167663574
73,mlp,45,0.8815659557661928,144.24212646484375,21.633464813232422
73,mlp,46,0.9152596761453397,101.55071258544922,14.521162033081055
73,mlp,47,0.9127665876777251,112.715576171875,17.17145347595215
73,mlp,48,0.8976105845181674,140.3054656982422,22.856046676635742
73,mlp,49,0.9578396524486572,98.7737045288086,11.140925407409668
73,mlp,50,0.8804798578199052,109.80724334716797,16.81669044494629
73,mlp,51,0.8602883096366508,130.55819702148438,21.745637893676758
73,mlp,52,0.8914889415481833,139.9894561767578,20.743337631225586
73,mlp,53,0.8836640995260664,136.77566528320312,19.33138084411621
73,mlp,54,0.8610288309636651,106.63447570800781,17.56983184814453
73,mlp,55,0.8787766587677726,179.7250213623047,26.33552360534668
73,mlp,56,0.8831457345971564,148.16351318359375,21.69580078125
73,mlp,57,0.793172393364929,222.9304656982422,37.881568908691406
73,mlp,58,0.8931427725118484,182.38836669921875,25.076725006103516
73,mlp,59,0.8741360584518167,121.29196166992188,18.847360610961914
73,mlp,60,0.9437203791469194,97.28230285644531,13.430441856384277
73,mlp,61,0.8780608214849921,134.35723876953125,20.616884231567383
73,mlp,62,0.9449792654028436,108.42335510253906,13.91198444366455
73,mlp,63,0.8902794233807267,141.4979248046875,21.402647018432617
73,mlp,64,0.9191597551342812,126.41912078857422,17.749778747558594
73,mlp,65,0.8858609794628752,135.36949157714844,21.41423225402832
73,mlp,66,0.8963023301737757,109.43666076660156,16.26329803466797
73,mlp,67,0.9131862164296999,133.8302764892578,18.218555450439453
73,mlp,68,0.9702557266982622,97.3726577758789,10.775453567504883
73,mlp,69,0.8950434439178515,176.53887939453125,24.545751571655273
73,mlp,70,0.8746050552922591,102.59645080566406,15.486180305480957
73,mlp,71,0.8910693127962085,138.46302795410156,21.304624557495117
73,mlp,72,0.8509330568720379,150.23480224609375,24.773723602294922
73,mlp,73,0.903559439178515,129.3915557861328,18.642518997192383
73,mlp,74,0.8801589652448657,110.30512237548828,16.589963912963867
73,mlp,75,0.866928317535545,162.83567810058594,26.626529693603516
73,mlp,76,0.8606832543443917,143.82582092285156,23.789506912231445
73,mlp,77,0.9014859794628752,138.4840850830078,20.401090621948242
73,mlp,78,0.8316795023696683,148.0177459716797,26.3853759765625
73,mlp,79,0.8434784755134281,215.27952575683594,35.549686431884766
73,mlp,80,0.8663359004739336,141.42774963378906,21.613719940185547
73,mlp,81,0.8539198262243286,164.03330993652344,27.05753517150879
73,mlp,82,0.8055390995260664,179.984619140625,32.17002868652344
73,mlp,83,0.9416716034755134,109.93305969238281,14.545145988464355
73,mlp,84,0.8996346761453397,140.1777801513672,19.8303279876709
73,mlp,85,0.9047442733017378,122.1426773071289,16.871784210205078
73,mlp,86,0.9927675750394944,100.09770202636719,9.387120246887207
73,mlp,87,0.9551984597156398,106.0203857421875,12.39891529083252
73,mlp,88,0.8722107030015798,178.15257263183594,28.13474464416504
73,mlp,89,0.9507553317535545,97.76333618164062,11.374692916870117
73,mlp,90,0.8553761848341233,169.18626403808594,28.69213104248047
73,mlp,91,0.8625592417061612,193.67698669433594,31.09657859802246
73,mlp,92,0.873074644549763,165.3102569580078,26.110733032226562
73,mlp,93,0.9173578199052133,114.94348907470703,15.43831729888916
73,mlp,94,0.8847748815165877,141.24093627929688,22.730663299560547
73,mlp,95,0.876530410742496,189.25343322753906,28.19695472717285
73,mlp,96,0.8789000789889415,211.05682373046875,30.937389373779297
73,mlp,97,0.7928021327014217,223.29690551757812,41.55657196044922
73,mlp,98,0.927897906793049,103.35154724121094,13.2706880569458
73,mlp,99,0.8109202211690363,150.14370727539062,25.48529624938965
73,mlp,100,0.8445892575039494,130.6610870361328,23.963762283325195
73,mlp,101,0.848365916271722,196.54959106445312,31.444908142089844
73,mlp,102,0.8853426145339652,123.80732727050781,19.710588455200195
73,mlp,103,0.8969687993680885,134.4609832763672,18.87739372253418
73,mlp,104,0.9373025276461295,101.22467041015625,13.324612617492676
73,mlp,105,0.9436956951026856,101.55706787109375,13.140308380126953
73,mlp,106,0.824422393364929,206.53695678710938,35.570281982421875
73,mlp,107,0.9205667456556083,96.62950134277344,13.042277336120605
73,mlp,108,0.8558698657187994,202.05381774902344,35.029109954833984
73,mlp,109,0.8633738151658767,161.3996124267578,27.864416122436523
73,mlp,110,0.9035347551342812,156.794921875,23.129892349243164
73,mlp,111,0.878974131121643,195.58775329589844,29.464290618896484
73,mlp,112,0.97361275671406,97.07470703125,10.960671424865723
73,mlp,113,0.9534705766192733,100.22935485839844,11.744071006774902
73,mlp,114,0.871544233807267,134.68885803222656,25.61709213256836
73,mlp,115,0.8715936018957346,114.8753433227539,19.821582794189453
73,mlp,116,0.8517476303317536,109.44287109375,19.284847259521484
73,mlp,117,0.8633984992101106,172.79031372070312,27.95536231994629
73,mlp,118,0.7903584123222749,181.9552459716797,32.66590118408203
73,mlp,119,0.8931427725118484,172.04685974121094,24.84912109375
73,mlp,120,0.868977093206951,164.06021118164062,25.041818618774414
73,mlp,121,0.8948706556082149,140.37643432617188,20.70761489868164
73,mlp,122,0.8584616903633492,146.87635803222656,23.848304748535156
73,mlp,123,0.8841084123222749,142.3915557861328,22.18346405029297
73,mlp,124,0.8770981437598736,138.13800048828125,20.748226165771484
73,mlp,125,0.9019796603475514,126.87787628173828,18.12794303894043
73,mlp,126,0.94774387835703,107.13520812988281,13.322565078735352
73,mlp,127,0.8841084123222749,144.3562469482422,21.59947967529297
73,mlp,128,0.8522166271721959,96.77679443359375,15.952008247375488
73,mlp,129,0.9745754344391785,97.14360809326172,10.386353492736816
73,mlp,130,0.9595675355450237,97.83950805664062,12.177464485168457
73,mlp,131,0.9560377172195893,96.56500244140625,11.824810028076172
73,mlp,132,0.9167160347551343,96.61524200439453,13.234268188476562
73,mlp,133,0.964010663507109,97.46632385253906,11.348719596862793
73,mlp,134,0.9248864533965245,105.20050811767578,13.694550514221191
73,mlp,135,0.8536236176935229,117.09031677246094,19.50678825378418
73,mlp,136,0.7837677725118484,159.48873901367188,27.833101272583008
73,mlp,137,0.9440165876777251,104.14622497558594,13.123636245727539
73,mlp,138,0.9587035939968405,107.21105194091797,12.250219345092773
73,mlp,139,0.887934439178515,101.99331665039062,14.803882598876953
73,mlp,140,0.9273548578199052,112.52056121826172,14.944435119628906
73,mlp,141,0.9140007898894155,132.53302001953125,18.60635757446289
73,mlp,142,0.9117051737756714,159.26968383789062,21.742490768432617
73,mlp,143,0.9376974723538705,99.75421142578125,12.265498161315918
73,mlp,144,0.9853623617693523,96.80519104003906,10.23532772064209
73,mlp,145,0.9673183254344392,96.97285461425781,10.223856925964355
73,mlp,146,0.8893907977883097,168.86231994628906,24.160226821899414
73,mlp,147,0.9242446682464455,114.1528549194336,14.865668296813965
73,mlp,148,0.9737361769352291,102.81847381591797,12.142701148986816
73,mlp,149,0.9721070300157978,101.70576477050781,12.130953788757324
73,mlp,150,0.9737608609794629,102.84305572509766,12.14076042175293
73,mlp,151,0.8694954581358609,136.7078399658203,20.644336700439453
73,mlp,152,0.8999802527646129,106.72476196289062,14.597168922424316
73,mlp,153,0.9003505134281201,124.44932556152344,18.607851028442383
73,mlp,154,0.9021030805687204,131.30984497070312,18.021997451782227
73,mlp,155,0.9592219589257504,98.40432739257812,10.969315528869629
73,mlp,156,0.9711443522906793,97.07096099853516,10.324188232421875
73,mlp,157,0.965812598736177,102.42243957519531,11.115680694580078
73,mlp,158,0.9527547393364929,109.45844268798828,12.849701881408691
73,mlp,159,0.9231832543443917,128.59686279296875,16.73163604736328
73,mlp,160,0.9102981832543444,105.75698852539062,14.123324394226074
73,mlp,161,0.9339454976303317,118.61540985107422,15.83626651763916
73,mlp,162,0.9289593206951027,120.89420318603516,15.680004119873047
73,mlp,163,0.9063240521327014,127.52142333984375,17.73293113708496
73,mlp,164,0.9376481042654028,112.79529571533203,14.952146530151367
73,mlp,165,0.925577606635071,108.04481506347656,14.476730346679688
73,mlp,166,0.9089158767772512,102.79743194580078,13.817747116088867
73,mlp,167,0.90676836492891,130.05499267578125,17.965421676635742
73,mlp,168,0.9004492496050553,116.71035766601562,15.824971199035645
73,mlp,169,0.9388576224328594,113.21039581298828,14.934223175048828
73,mlp,170,0.9349822274881516,111.9344253540039,14.996613502502441
73,mlp,171,0.9316251974723538,118.7010269165039,15.192049980163574
73,mlp,172,0.9857326224328594,96.94827270507812,10.24068546295166
73,mlp,173,0.8510811611374408,177.13499450683594,28.975982666015625
73,mlp,174,0.9334271327014217,117.45733642578125,14.742749214172363
73,mlp,175,0.9024486571879937,118.19039154052734,17.00098991394043
73,mlp,176,0.8959320695102686,124.33184051513672,18.635984420776367
73,mlp,177,0.9432760663507109,113.83963012695312,14.901572227478027
73,mlp,178,0.9353524881516587,112.3961181640625,14.971104621887207
73,mlp,179,0.9444362164296999,114.52090454101562,14.928545951843262
73,mlp,180,0.9857326224328594,96.94827270507812,10.240707397460938
73,mlp,181,0.9854857819905213,96.85309600830078,10.23757553100586
73,mlp,182,0.9721070300157978,101.77670288085938,10.460370063781738
73,mlp,183,0.9853623617693523,96.7886734008789,10.234678268432617
73,mlp,184,0.9605795813586098,97.27941131591797,10.730185508728027
73,mlp,185,0.9585554897314376,98.75345611572266,11.029820442199707
73,mlp,186,0.9328100315955766,102.8787612915039,12.798542976379395
73,mlp,187,0.9255529225908373,113.26904296875,14.634550094604492
73,mlp,188,0.915728672985782,108.14773559570312,14.12962532043457
73,mlp,189,0.9857079383886256,96.9619140625,10.24099063873291
73,mlp,190,0.967984794628752,96.96688842773438,10.775577545166016
73,mlp,191,0.9857326224328594,96.94828796386719,10.24088191986084
73,mlp,192,0.9855104660347551,96.85387420654297,10.237895965576172
73,mlp,193,0.9857326224328594,96.94828796386719,10.240812301635742
73,mlp,194,0.9857326224328594,96.9212417602539,10.239364624023438
73,mlp,195,0.9857326224328594,96.94827270507812,10.240694046020508
73,mlp,196,0.9663556477093207,96.2182846069336,10.963521957397461
73,mlp,197,0.9857326224328594,96.94827270507812,10.240751266479492
73,mlp,198,0.9857326224328594,96.9212417602539,10.239269256591797
73,mlp,199,0.9857326224328594,96.9482650756836,10.240655899047852
73,mlp,200,0.9857326224328594,96.94828796386719,10.240930557250977
73,mlp,201,0.8319263428120063,159.3887176513672,27.38715934753418
73,mlp,202,0.7784853870458136,218.9798583984375,40.356056213378906
73,mlp,203,0.8030460110584519,194.96658325195312,36.759525299072266
73,mlp,204,0.8435525276461295,152.0306396484375,25.98724365234375
73,mlp,205,0.9433994865718799,99.21724700927734,12.770349502563477
73,mlp,206,0.9315264612954186,105.67840576171875,13.558454513549805
73,mlp,207,0.9008441943127962,137.65313720703125,20.111907958984375
73,mlp,208,0.8196090047393365,201.4922637939453,34.6539421081543
73,mlp,209,0.8607079383886256,206.34410095214844,34.18521499633789
73,mlp,210,0.8645339652448657,131.03536987304688,21.746742248535156
73,mlp,211,0.8957099131121643,125.86196899414062,19.08850860595703
73,mlp,212,0.9460406793048973,97.12669372558594,11.611360549926758
73,mlp,213,0.8706062401263823,165.6201934814453,26.026384353637695
73,mlp,214,0.8500444312796208,125.30341339111328,24.692596435546875
73,mlp,215,0.8187203791469194,129.76947021484375,25.960432052612305
73,mlp,216,0.8031941153238547,136.95864868164062,29.72612762451172
73,mlp,217,0.8190659557661928,130.13406372070312,28.8568172454834
73,mlp,218,0.8133886255924171,132.9909210205078,28.251632690429688
73,mlp,219,0.8209419431279621,128.28013610839844,28.49574851989746
73,mlp,220,0.8481684439178515,144.02947998046875,25.11798667907715
73,mlp,221,0.8849723538704581,123.9974594116211,19.11165428161621
73,mlp,222,0.8443177330173776,130.95579528808594,22.496728897094727
73,mlp,223,0.852586887835703,124.02357482910156,19.750099182128906
73,mlp,224,0.961196682464455,103.84660339355469,13.170838356018066
73,mlp,225,0.9029670221169036,98.6428451538086,14.138209342956543
73,mlp,226,0.8349377962085308,97.80262756347656,16.547964096069336
73,mlp,227,0.9229610979462876,109.12947082519531,15.380619049072266
73,mlp,228,0.9812154423380727,96.45882415771484,10.070429801940918
73,mlp,229,0.977463467614534,99.41908264160156,9.857789039611816
73,mlp,230,0.9423874407582938,108.46636962890625,14.070551872253418
73,mlp,231,0.9208135860979463,101.32784271240234,13.502904891967773
73,mlp,232,0.9078791469194313,102.27991485595703,15.198659896850586
73,mlp,233,0.9313783570300158,112.66494750976562,15.079723358154297
73,mlp,234,0.8677922590837283,153.8517303466797,23.452394485473633
73,mlp,235,0.9161483017377567,122.88705444335938,16.30316925048828
73,mlp,236,0.9171603475513428,125.74472045898438,16.881603240966797
73,mlp,237,0.9174812401263823,115.46709442138672,15.770231246948242
73,mlp,238,0.9074595181674565,121.19928741455078,17.65829086303711
73,mlp,239,0.9100513428120063,147.58203125,20.462087631225586
73,mlp,240,0.8671011058451816,124.09088897705078,20.330581665039062
73,mlp,241,0.8907237361769352,133.46571350097656,20.399288177490234
73,mlp,242,0.8839849921011058,111.71935272216797,15.999001502990723
73,mlp,243,0.9194065955766193,106.21978759765625,14.212818145751953
73,mlp,244,0.9398696682464455,102.70814514160156,12.879570960998535
73,mlp,245,0.8741607424960506,140.27101135253906,24.985130310058594
73,mlp,246,0.9126925355450237,112.1819839477539,15.912631034851074
73,mlp,247,0.8445398894154819,103.7009506225586,16.83306884765625
73,mlp,248,0.9719342417061612,102.97257232666016,11.00004768371582
73,mlp,249,0.9718355055292259,96.54428100585938,9.939784049987793
73,mlp,250,0.8620902448657188,138.90573120117188,22.107336044311523
73,mlp,251,0.8730993285939969,128.5137481689453,19.222620010375977
73,mlp,252,0.8907237361769352,141.73606872558594,20.322710037231445
73,mlp,253,0.8923281990521327,154.7502899169922,22.005090713500977
73,mlp,254,0.9050404818325435,115.62440490722656,16.150426864624023
73,mlp,255,0.8754196287519748,114.41551971435547,18.185930252075195
73,mlp,256,0.8830223143759873,129.04208374023438,22.56404685974121
73,mlp,257,0.9365373222748815,97.26763916015625,12.937236785888672
73,mlp,258,0.9721317140600316,102.40851593017578,10.648386001586914
73,mlp,259,0.9018562401263823,123.72450256347656,17.79456329345703
73,mlp,260,0.8888724328593997,139.58169555664062,22.170625686645508
73,mlp,261,0.9391044628751974,113.2903823852539,14.955653190612793
73,mlp,262,0.8775671406003159,137.24356079101562,21.596813201904297
73,mlp,263,0.8845774091627172,167.9947967529297,24.16790771484375
73,mlp,264,0.9465096761453397,111.14891815185547,14.376790046691895
73,mlp,265,0.881022906793049,134.4988250732422,21.41497039794922
73,mlp,266,0.8654472748815166,96.26402282714844,16.072649002075195
73,mlp,267,0.9063487361769352,125.544921875,17.526248931884766
73,mlp,268,0.8842565165876777,159.8841094970703,22.6375675201416
73,mlp,269,0.9209123222748815,102.05897521972656,13.447924613952637
73,mlp,270,0.8567584913112164,148.6798553466797,23.598220825195312
73,mlp,271,0.8555489731437599,193.68890380859375,31.129920959472656
73,mlp,272,0.8457494075829384,192.33641052246094,32.23228073120117
73,mlp,273,0.9458678909952607,98.30573272705078,12.500893592834473
73,mlp,274,0.9344638625592417,100.99822998046875,13.755376815795898
73,mlp,275,0.944806477093207,96.74571990966797,12.551353454589844
73,mlp,276,0.9606042654028436,105.82708740234375,13.685566902160645
73,mlp,277,0.9146672590837283,115.14494323730469,15.476947784423828
73,mlp,278,0.909952606635071,111.35868072509766,15.840266227722168
73,mlp,279,0.9364632701421801,107.49836730957031,14.032845497131348
73,mlp,280,0.949027448657188,102.14903259277344,13.033295631408691
73,mlp,281,0.8483412322274881,119.4809341430664,20.25811767578125
73,mlp,282,0.9054107424960506,100.47209167480469,14.44369888305664
73,mlp,283,0.8507602685624013,124.2570571899414,19.602420806884766
73,mlp,284,0.9010169826224329,129.6684112548828,21.073896408081055
73,mlp,285,0.874234794628752,134.55465698242188,22.628042221069336
73,mlp,286,0.8872679699842022,121.78971862792969,19.66575813293457
73,mlp,287,0.843108214849921,144.27732849121094,22.5849666595459
73,mlp,288,0.8460949842022117,134.08486938476562,20.919408798217773
73,mlp,289,0.9267624407582938,102.27809143066406,13.692134857177734
73,mlp,290,0.8632997630331753,137.50851440429688,20.574052810668945
73,mlp,291,0.8724081753554502,142.6833953857422,22.25031089782715
73,mlp,292,0.8808007503949447,125.27900695800781,19.79129981994629
73,mlp,293,0.9142229462875198,121.80574035644531,15.931720733642578
73,mlp,294,0.8900572669826224,137.06143188476562,19.620893478393555
73,mlp,295,0.9390550947867299,112.21237182617188,14.943467140197754
73,mlp,296,0.953890205371248,108.31314086914062,12.878459930419922
73,mlp,297,0.7890748420221169,191.44871520996094,34.653175354003906
73,mlp,298,0.8543394549763034,184.7994842529297,31.383195877075195
73,mlp,299,0.9110387045813586,129.9422149658203,18.868499755859375
73,mlp,300,0.904324644549763,128.18411254882812,18.581832885742188
73,mlp,301,0.8962035939968405,122.53606414794922,19.036724090576172
73,mlp,302,0.8600908372827805,118.35803985595703,18.87255096435547
73,mlp,303,0.7896425750394944,171.49122619628906,29.434247970581055
73,mlp,304,0.8412569115323855,156.95974731445312,28.33452033996582
73,mlp,305,0.9048676935229067,106.38421630859375,15.271164894104004
73,mlp,306,0.9626530410742496,106.70950317382812,12.086043357849121
73,fourier,0,0.8803564375987362,146.4840087890625,22.423532485961914
73,fourier,1,0.8774190363349131,132.81910705566406,21.330341339111328
73,fourier,2,0.8174121248025277,181.59747314453125,32.824806213378906
73,fourier,3,0.9340195497630331,108.26183319091797,14.701364517211914
73,fourier,4,0.9205420616113744,112.51964569091797,16.560068130493164
73,fourier,5,0.9196040679304898,119.45853424072266,14.914582252502441
73,fourier,6,0.8862559241706162,112.35779571533203,18.265121459960938
73,fourier,7,0.9269105450236966,122.49664306640625,17.81685447692871
73,fourier,8,0.9300207345971564,116.26402282714844,15.037461280822754
73,fourier,9,0.9218503159557662,112.85619354248047,15.443516731262207
73,fourier,10,0.7757701421800948,152.56797790527344,28.337934494018555
73,fourier,11,0.9224921011058452,122.68648529052734,17.216934204101562
73,fourier,12,0.8391587677725119,198.11380004882812,35.05196762084961
73,fourier,13,0.9318226698262243,104.55135345458984,13.917533874511719
73,fourier,14,0.9227389415481833,104.04181671142578,14.274701118469238
73,fourier,15,0.8867496050552922,138.63987731933594,21.535356521606445
73,fourier,16,0.9049417456556083,141.91928100585938,20.186447143554688
73,fourier,17,0.9009922985781991,141.65228271484375,20.642433166503906
73,fourier,18,0.7741656793048973,156.69818115234375,29.429296493530273
73,fourier,19,0.8727784360189573,136.2502899169922,21.442853927612305
73,fourier,20,0.9177280805687204,116.09735107421875,15.557517051696777
73,fourier,21,0.979635663507109,105.70054626464844,11.529807090759277
73,fourier,22,0.9292555292259084,108.47720336914062,15.780089378356934
73,fourier,23,0.916247037914692,108.34166717529297,14.599370002746582
73,fourier,24,0.8756664691943128,112.02452087402344,18.00936508178711
73,fourier,25,0.9026214454976303,119.8003921508789,17.296476364135742
73,fourier,26,0.8825780015797788,119.96868896484375,18.119028091430664
73,fourier,27,0.8646080173775671,119.5065689086914,20.74797248840332
73,fourier,28,0.8319263428120063,146.2542724609375,25.106014251708984
73,fourier,29,0.9208876382306477,115.38355255126953,15.032533645629883
73,fourier,30,0.8476994470774092,145.1577911376953,24.144790649414062
73,fourier,31,0.7742397314375987,121.34105682373047,25.078866958618164
73,fourier,32,0.8451816745655608,159.10263061523438,26.476367950439453
73,fourier,33,0.8923035150078988,123.5660400390625,18.00146484375
73,fourier,34,0.9250592417061612,126.6169662475586,17.227048873901367
73,fourier,35,0.8672245260663507,140.5400848388672,24.835054397583008
73,fourier,36,0.8534508293838863,127.59918212890625,21.806161880493164
73,fourier,37,0.909458925750395,132.3838348388672,19.08408546447754
73,fourier,38,0.9092861374407583,119.23320007324219,17.597414016723633
73,fourier,39,0.8794678120063191,128.90826416015625,19.51500701904297
73,fourier,40,0.9132355845181674,125.23553466796875,17.830501556396484
73,fourier,41,0.8767278830963665,188.20703125,27.973060607910156
73,fourier,42,0.8527596761453397,146.6221160888672,23.79810333251953
73,fourier,43,0.835036532385466,170.43345642089844,27.98739242553711
73,fourier,44,0.9500394944707741,105.7569580078125,12.71650505065918
73,fourier,45,0.8868236571879937,146.5176239013672,21.561859130859375
73,fourier,46,0.9234300947867299,104.76900482177734,14.565831184387207
73,fourier,47,0.921233214849921,115.92866516113281,17.10894012451172
73,fourier,48,0.903559439178515,143.4228515625,22.14723014831543
73,fourier,49,0.9622334123222749,102.30137634277344,11.252973556518555
73,fourier,50,0.8909952606635071,112.93087005615234,16.769882202148438
73,fourier,51,0.8563141785150079,126.87702178955078,21.71145248413086
73,fourier,52,0.8957839652448657,141.96238708496094,20.675573348999023
73,fourier,53,0.8878603870458136,137.12307739257812,19.23371696472168
73,fourier,54,0.8729018562401264,108.81697082519531,17.533554077148438
73,fourier,55,0.8578199052132701,166.79544067382812,26.531614303588867
73,fourier,56,0.873839849921011,142.54212951660156,21.638612747192383
73,fourier,57,0.7836196682464455,213.64242553710938,38.139957427978516
73,fourier,58,0.8827754739336493,171.84933471679688,24.931020736694336
73,fourier,59,0.8695201421800948,119.69355010986328,18.867618560791016
73,fourier,60,0.9516686413902053,101.11968231201172,13.45818042755127
73,fourier,61,0.8844293048973144,135.7819366455078,20.567615509033203
73,fourier,62,0.9440165876777251,109.42281341552734,14.067755699157715
73,fourier,63,0.8952902843601895,141.7486114501953,21.03310203552246
73,fourier,64,0.9199990126382307,123.72576141357422,17.592784881591797
73,fourier,65,0.8828742101105845,134.30368041992188,21.207721710205078
73,fourier,66,0.9055588467614534,110.63530731201172,16.221529006958008
73,fourier,67,0.9040037519747235,129.98756408691406,18.26864242553711
73,fourier,68,0.9745013823064771,101.24064636230469,10.905119895935059
73,fourier,69,0.8837381516587678,169.9675750732422,24.47642707824707
73,fourier,70,0.8943522906793049,104.69933319091797,15.410331726074219
73,fourier,71,0.882306477093207,135.8065948486328,21.37901496887207
73,fourier,72,0.8360732622432859,145.6587677001953,24.861961364746094
73,fourier,73,0.9074595181674565,129.7364959716797,18.633333206176758
73,fourier,74,0.888181279620853,112.84363555908203,16.636127471923828
73,fourier,75,0.8708530805687204,160.544189453125,26.006258010864258
73,fourier,76,0.8664346366508688,144.07138061523438,23.668954849243164
73,fourier,77,0.9078297788309637,140.4597625732422,20.264352798461914
73,fourier,78,0.8336295418641391,147.90589904785156,26.264291763305664
73,fourier,79,0.8369125197472354,208.00772094726562,35.2713508605957
73,fourier,80,0.8516735781990521,132.09255981445312,21.670764923095703
73,fourier,81,0.8594243680884676,164.04287719726562,26.538238525390625
73,fourier,82,0.7964060031595577,172.31524658203125,32.052608489990234
73,fourier,83,0.9405608214849921,111.15229034423828,14.697328567504883
73,fourier,84,0.9041024881516587,138.65530395507812,19.605377197265625
73,fourier,85,0.9036581753554502,120.40746307373047,16.82666015625
73,fourier,86,0.993088467614534,103.2925033569336,9.524616241455078
73,fourier,87,0.9515699052132701,108.07249450683594,12.607358932495117
73,fourier,88,0.8577705371248026,169.9799346923828,28.314271926879883
73,fourier,89,0.9571484992101106,101.55915832519531,11.480292320251465
73,fourier,90,0.8497235387045814,164.5507049560547,28.141773223876953
73,fourier,91,0.8576224328593997,188.64134216308594,30.861162185668945
73,fourier,92,0.8761107819905213,164.93719482421875,26.007152557373047
73,fourier,93,0.9218503159557662,116.1471939086914,15.445387840270996
73,fourier,94,0.8844046208530806,141.12619018554688,22.71034049987793
73,fourier,95,0.8639168641390206,181.1167755126953,28.265504837036133
73,fourier,96,0.8537964060031595,199.07150268554688,31.351707458496094
73,fourier,97,0.7750789889415481,215.50738525390625,41.62836456298828
73,fourier,98,0.9346613349131122,106.96017456054688,13.325304985046387
73,fourier,99,0.8135860979462876,145.8946533203125,25.31768035888672
73,fourier,100,0.8409607030015798,128.3375701904297,23.905818939208984
73,fourier,101,0.8657187993680885,198.22340393066406,30.82234001159668
73,fourier,102,0.8976846366508688,127.7275390625,19.2813720703125
73,fourier,103,0.8925256714060031,132.3585662841797,18.94684410095215
73,fourier,104,0.9434488546603476,103.52735900878906,13.346327781677246
73,fourier,105,0.9498173380726699,104.59998321533203,13.172554016113281
73,fourier,106,0.8156595576619273,203.90020751953125,35.57854080200195
73,fourier,107,0.9304403633491312,100.62095642089844,13.09871768951416
73,fourier,108,0.8561167061611374,199.92257690429688,34.38950729370117
73,fourier,109,0.8615225118483413,160.4030303955078,27.340578079223633
73,fourier,110,0.8946731832543444,152.4668426513672,23.216293334960938
73,fourier,111,0.8769500394944708,192.33544921875,29.295055389404297
73,fourier,112,0.9769204186413902,100.9540023803711,11.086662292480469
73,fourier,113,0.9580371248025277,103.19560241699219,11.82039737701416
73,fourier,114,0.8851451421800948,139.75460815429688,24.64280891418457
73,fourier,115,0.8800108609794629,117.82534790039062,19.799951553344727
73,fourier,116,0.8605104660347551,112.24296569824219,19.27393341064453
73,fourier,117,0.8487608609794629,166.5754852294922,28.201297760009766
73,fourier,118,0.7692535545023697,171.60009765625,32.93583679199219
73,fourier,119,0.8876629146919431,162.95425415039062,24.54191017150879
73,fourier,120,0.8714208135860979,162.07177734375,24.828493118286133
73,fourier,121,0.8929946682464455,138.84898376464844,20.726428985595703
73,fourier,122,0.8497975908372828,144.27914428710938,23.93526840209961
73,fourier,123,0.8884281200631912,143.5249481201172,22.01494026184082
73,fourier,124,0.877690560821485,137.3162384033203,20.663076400756836
73,fourier,125,0.9110880726698263,128.84625244140625,17.958398818969727
73,fourier,126,0.9465343601895735,109.17308807373047,13.515165328979492
73,fourier,127,0.880627962085308,141.58453369140625,21.615432739257812
73,fourier,128,0.8706802922590837,100.88211822509766,15.89036750793457
73,fourier,129,0.9747482227488151,100.89376068115234,10.55424976348877
73,fourier,130,0.9653682859399684,101.2954330444336,12.240862846374512
73,fourier,131,0.9615669431279621,100.6493911743164,11.932317733764648
73,fourier,132,0.9269845971563981,100.65016174316406,13.300694465637207
73,fourier,133,0.9696879936808847,101.17080688476562,11.450398445129395
73,fourier,134,0.9315511453396524,107.71819305419922,13.69272518157959
73,fourier,135,0.8573509083728278,116.3470687866211,19.454965591430664
73,fourier,136,0.7858165481832543,155.08004760742188,27.854286193847656
73,fourier,137,0.9481141390205371,106.77641296386719,13.207465171813965
73,fourier,138,0.9587282780410743,110.96524810791016,12.445242881774902
73,fourier,139,0.9028189178515008,104.6653823852539,14.739465713500977
73,fourier,140,0.9303663112164297,111.90338897705078,14.869970321655273
73,fourier,141,0.9078050947867299,128.87612915039062,18.600679397583008
73,fourier,142,0.9114089652448657,160.41964721679688,21.895736694335938
73,fourier,143,0.9437450631911533,102.80780029296875,12.317862510681152
73,fourier,144,0.9876579778830964,100.88429260253906,10.3850679397583
73,fourier,145,0.9692930489731437,100.9465560913086,10.388177871704102
73,fourier,146,0.8956358609794629,169.2870330810547,23.98641014099121
73,fourier,147,0.9278732227488151,117.55709075927734,15.018754005432129
73,fourier,148,0.9771672590837283,104.51315307617188,12.174152374267578
73,fourier,149,0.9761305292259084,103.9511489868164,12.17068862915039
73,fourier,150,0.9768463665086888,104.44673156738281,12.173398971557617
73,fourier,151,0.8647067535545023,133.80136108398438,20.601333618164062
73,fourier,152,0.9075582543443917,108.76582336425781,14.571062088012695
73,fourier,153,0.8682365718799369,119.99981689453125,18.964862823486328
73,fourier,154,0.9063981042654028,131.8407440185547,17.92778968811035
73,fourier,155,0.9622827804107424,101.88607025146484,11.089547157287598
73,fourier,156,0.9746494865718799,100.9263916015625,10.466119766235352
73,fourier,157,0.9672936413902053,105.88309478759766,11.281424522399902
73,fourier,158,0.9535446287519748,113.11190795898438,13.032718658447266
73,fourier,159,0.9207889020537124,125.96585845947266,16.6556396484375
73,fourier,160,0.9152349921011058,107.48768615722656,14.125129699707031
73,fourier,161,0.941202606635071,121.65463256835938,15.746455192565918
73,fourier,162,0.9271573854660348,118.81515502929688,15.672928810119629
73,fourier,163,0.9108165481832543,127.42488861083984,17.581897735595703
73,fourier,164,0.9280953791469194,110.00267791748047,14.997772216796875
73,fourier,165,0.9286384281200631,111.36936950683594,14.618341445922852
73,fourier,166,0.9155065165876777,105.46144104003906,13.832945823669434
73,fourier,167,0.9136305292259084,132.23272705078125,17.88291358947754
73,fourier,168,0.904324644549763,115.66533660888672,15.726040840148926
73,fourier,169,0.9308353080568721,111.17393493652344,14.972915649414062
73,fourier,170,0.9207395339652449,108.90479278564453,15.110588073730469
73,fourier,171,0.9346119668246445,122.0347900390625,15.261359214782715
73,fourier,172,0.9877320300157978,100.92139434814453,10.386319160461426
73,fourier,173,0.8537964060031595,176.58926391601562,28.71941566467285
73,fourier,174,0.9329581358609794,116.86311340332031,14.791765213012695
73,fourier,175,0.9007948262243286,117.88973999023438,17.055747985839844
73,fourier,176,0.8737657977883097,121.1352310180664,18.87166976928711
73,fourier,177,0.9339208135860979,111.5255126953125,14.971770286560059
73,fourier,178,0.925207345971564,109.76832580566406,15.027555465698242
73,fourier,179,0.9312055687203792,110.75291442871094,15.002185821533203
73,fourier,180,0.9877320300157978,100.92138671875,10.38633918762207
73,fourier,181,0.987707345971564,100.9307861328125,10.387080192565918
73,fourier,182,0.9722304502369669,104.55670166015625,10.611245155334473
73,fourier,183,0.9876579778830964,100.84648132324219,10.382792472839355
73,fourier,184,0.9653682859399684,100.97438049316406,10.849260330200195
73,fourier,185,0.9630479857819905,102.6836166381836,11.145639419555664
73,fourier,186,0.9397709320695102,105.89122772216797,12.809754371643066
73,fourier,187,0.9288605845181674,114.4535903930664,14.639376640319824
73,fourier,188,0.9240225118483413,111.48471069335938,14.191039085388184
73,fourier,189,0.9878060821484992,100.96454620361328,10.387968063354492
73,fourier,190,0.9699348341232228,101.0384750366211,10.920256614685059
73,fourier,191,0.9877320300157978,100.92137908935547,10.386509895324707
73,fourier,192,0.9876086097946287,100.85022735595703,10.383660316467285
73,fourier,193,0.9877320300157978,100.92137908935547,10.386441230773926
73,fourier,194,0.987707345971564,100.8561019897461,10.383407592773438
73,fourier,195,0.9877320300157978,100.92139434814453,10.38632869720459
73,fourier,196,0.9714158767772512,100.68367767333984,11.109910011291504
73,fourier,197,0.9877320300157978,100.92138671875,10.386382102966309
73,fourier,198,0.987707345971564,100.85610961914062,10.383315086364746
73,fourier,199,0.9877320300157978,100.92139434814453,10.386289596557617
73,fourier,200,0.9877320300157978,100.92137908935547,10.386555671691895
73,fourier,201,0.8435525276461295,160.88397216796875,26.96549415588379
73,fourier,202,0.7706852290679305,216.62460327148438,40.54518127441406
73,fourier,203,0.7706358609794629,184.9019775390625,37.22783660888672
73,fourier,204,0.8448854660347551,152.41305541992188,25.587175369262695
73,fourier,205,0.9484103475513428,102.71263885498047,12.854127883911133
73,fourier,206,0.9395734597156398,109.9585952758789,13.642525672912598
73,fourier,207,0.8927725118483413,134.84829711914062,20.236968994140625
73,fourier,208,0.8137588862559242,199.25894165039062,34.70549011230469
73,fourier,209,0.8606338862559242,203.14854431152344,33.566585540771484
73,fourier,210,0.866928317535545,131.89207458496094,21.76127052307129
73,fourier,211,0.9002517772511849,128.2909698486328,19.13750457763672
73,fourier,212,0.951841429699842,101.5398178100586,11.727253913879395
73,fourier,213,0.8720132306477093,165.600830078125,26.055822372436523
73,fourier,214,0.8496988546603476,127.56627655029297,24.58888053894043
73,fourier,215,0.8280509478672986,131.35470581054688,25.888118743896484
73,fourier,216,0.8138823064770933,140.0406036376953,29.364980697631836
73,fourier,217,0.8258540679304898,133.73313903808594,28.416027069091797
73,fourier,218,0.825434439178515,136.7969970703125,27.894906997680664
73,fourier,219,0.8316054502369669,133.2502899169922,27.976341247558594
73,fourier,220,0.8530065165876777,146.4524688720703,24.715801239013672
73,fourier,221,0.8887736966824644,125.24342346191406,18.995254516601562
73,fourier,222,0.8633738151658767,136.3728790283203,22.08794593811035
73,fourier,223,0.8677428909952607,125.81717681884766,19.534744262695312
73,fourier,224,0.9604067930489731,105.70317077636719,13.332853317260742
73,fourier,225,0.9121494865718799,102.31295013427734,14.169184684753418
73,fourier,226,0.8507355845181674,101.62893676757812,16.489673614501953
73,fourier,227,0.9225908372827805,113.02974700927734,15.620301246643066
73,fourier,228,0.9840294233807267,100.67362976074219,10.235339164733887
73,fourier,229,0.9765748420221169,102.76217651367188,10.0455961227417
73,fourier,230,0.9423380726698263,110.99983978271484,14.218415260314941
73,fourier,231,0.9272314375987362,104.33512115478516,13.546788215637207
73,fourier,232,0.9188388625592417,106.39302062988281,15.223862648010254
73,fourier,233,0.9349081753554502,114.10929870605469,15.033286094665527
73,fourier,234,0.8782582938388626,153.21693420410156,23.11248207092285
73,fourier,235,0.9212825829383886,124.82103729248047,16.27875328063965
73,fourier,236,0.921109794628752,126.50377655029297,16.78792381286621
73,fourier,237,0.9221712085308057,116.34488677978516,15.753040313720703
73,fourier,238,0.9079038309636651,120.67579650878906,17.645639419555664
73,fourier,239,0.9009182464454977,143.07086181640625,20.435937881469727
73,fourier,240,0.8664346366508688,123.05183410644531,20.395130157470703
73,fourier,241,0.8984745260663507,135.81854248046875,20.197195053100586
73,fourier,242,0.8929699842022117,113.21057891845703,15.980745315551758
73,fourier,243,0.928268167456556,108.09481048583984,14.178698539733887
73,fourier,244,0.9433007503949447,104.93310546875,12.920096397399902
73,fourier,245,0.881393167456556,144.47438049316406,24.130435943603516
73,fourier,246,0.9210851105845181,115.01426696777344,15.955153465270996
73,fourier,247,0.8584370063191153,105.75759887695312,16.74788475036621
73,fourier,248,0.9717367693522907,105.16849517822266,11.125395774841309
73,fourier,249,0.9750197472353871,100.74262237548828,10.115133285522461
73,fourier,250,0.8685821484992101,139.00335693359375,21.94463348388672
73,fourier,251,0.8785298183254344,129.432373046875,19.20408058166504
73,fourier,252,0.8878357030015798,139.00851440429688,20.240249633789062
73,fourier,253,0.8918838862559242,152.29885864257812,21.88657569885254
73,fourier,254,0.9117298578199052,116.9988784790039,16.147798538208008
73,fourier,255,0.8852685624012638,116.40153503417969,18.067380905151367
73,fourier,256,0.890871840442338,132.73782348632812,22.128265380859375
73,fourier,257,0.9457691548183255,100.96440887451172,12.987497329711914
73,fourier,258,0.9692930489731437,105.09225463867188,10.846242904663086
73,fourier,259,0.9061759478672986,124.71951293945312,17.773828506469727
73,fourier,260,0.8858116113744076,138.01617431640625,21.971538543701172
73,fourier,261,0.9275523301737757,110.70596313476562,15.023810386657715
73,fourier,262,0.8730252764612955,134.21949768066406,21.542484283447266
73,fourier,263,0.8666321090047393,157.2508544921875,24.20806121826172
73,fourier,264,0.9486078199052133,113.45586395263672,14.481741905212402
73,fourier,265,0.8892426935229067,135.44442749023438,21.24575424194336
73,fourier,266,0.8842812006319115,100.83827209472656,16.02099609375
73,fourier,267,0.9090639810426541,123.53087615966797,17.411693572998047
73,fourier,268,0.8718157582938388,150.15106201171875,22.62055778503418
73,fourier,269,0.9270833333333334,104.70574188232422,13.452340126037598
73,fourier,270,0.8535001974723538,145.27197265625,23.608657836914062
73,fourier,271,0.8473785545023697,188.26756286621094,31.15418815612793
73,fourier,272,0.8414543838862559,189.30023193359375,31.973384857177734
73,fourier,273,0.9524338467614534,101.8004150390625,12.576618194580078
73,fourier,274,0.9411285545023697,104.1739273071289,13.81325912475586
73,fourier,275,0.9528041074249605,100.72309112548828,12.624080657958984
73,fourier,276,0.9622334123222749,107.8759765625,13.801177978515625
73,fourier,277,0.9181230252764613,117.70603942871094,15.523153305053711
73,fourier,278,0.9179749210110585,112.9765396118164,15.81467056274414
73,fourier,279,0.9400424565560821,108.95834350585938,14.050124168395996
73,fourier,280,0.955173775671406,104.52458190917969,13.05909538269043
73,fourier,281,0.8567338072669827,119.70184326171875,20.12892723083496
73,fourier,282,0.9151856240126383,103.82444763183594,14.445405006408691
73,fourier,283,0.8550059241706162,123.44429016113281,19.523324966430664
73,fourier,284,0.9111868088467614,134.7787322998047,20.407379150390625
73,fourier,285,0.889859794628752,139.50965881347656,22.168956756591797
73,fourier,286,0.9002517772511849,126.2789077758789,19.254730224609375
73,fourier,287,0.8468601895734598,141.68263244628906,22.447044372558594
73,fourier,288,0.8507849526066351,131.6476287841797,20.75801658630371
73,fourier,289,0.9335011848341233,104.9173355102539,13.718018531799316
73,fourier,290,0.8660890600315956,134.57168579101562,20.42948341369629
73,fourier,291,0.8736670616113744,143.69256591796875,22.165164947509766
73,fourier,292,0.8919579383886256,128.2607879638672,19.510818481445312
73,fourier,293,0.9192584913112164,121.16607666015625,15.805906295776367
73,fourier,294,0.8899338467614534,137.85792541503906,19.64704704284668
73,fourier,295,0.9257750789889415,109.5413589477539,15.034499168395996
73,fourier,296,0.953371840442338,110.69147491455078,13.015373229980469
73,fourier,297,0.7857178120063191,187.9191131591797,34.374053955078125
73,fourier,298,0.8562154423380727,182.80291748046875,30.631694793701172
73,fourier,299,0.8991656793048973,127.14144134521484,19.0200138092041
73,fourier,300,0.9141488941548184,130.3999481201172,18.371315002441406
73,fourier,301,0.906003159557662,125.6052017211914,18.8562068939209
73,fourier,302,0.8653485387045814,117.27568054199219,18.713741302490234
73,fourier,303,0.779201224328594,163.897705078125,29.60515785217285
73,fourier,304,0.8545862954186414,161.1715545654297,27.87377166748047
73,fourier,305,0.9130627962085308,108.80428314208984,15.242324829101562
73,fourier,306,0.9671455371248026,109.12030029296875,12.130970001220703
101,mlp,0,0.8653485387045814,144.8709716796875,22.945995330810547
101,mlp,1,0.8714208135860979,132.0988311767578,21.703283309936523
101,mlp,2,0.8111917456556083,179.25347900390625,33.18721008300781
101,mlp,3,0.9601599526066351,114.30276489257812,14.705588340759277
101,mlp,4,0.8858609794628752,113.30890655517578,17.804079055786133
101,mlp,5,0.9396475118483413,132.6334686279297,16.53330421447754
101,mlp,6,0.9064227883096366,116.00513458251953,17.55767822265625
101,mlp,7,0.9093355055292259,119.23053741455078,18.141693115234375
101,mlp,8,0.9110880726698263,118.21563720703125,16.5015811920166
101,mlp,9,0.9238990916271722,120.49156951904297,16.441452026367188
101,mlp,10,0.8207938388625592,153.14297485351562,26.516809463500977
101,mlp,11,0.907533570300158,126.84574890136719,18.207090377807617
101,mlp,12,0.8243236571879937,187.24783325195312,34.127864837646484
101,mlp,13,0.9374753159557662,107.44483184814453,14.686575889587402
101,mlp,14,0.9454482622432859,109.47474670410156,14.488029479980469
101,mlp,15,0.8780114533965245,138.98094177246094,21.67525863647461
101,mlp,16,0.9090146129541864,142.8564910888672,20.218280792236328
101,mlp,17,0.900622037914692,144.05795288085938,20.952266693115234
101,mlp,18,0.8039099526066351,153.55352783203125,27.839628219604492
101,mlp,19,0.8926490916271722,140.5426788330078,20.376569747924805
101,mlp,20,0.9245902448657188,120.39788055419922,16.40431785583496
101,mlp,21,0.957222551342812,105.43224334716797,13.191307067871094
101,mlp,22,0.9192584913112164,110.4954605102539,16.98159408569336
101,mlp,23,0.8925256714060031,110.49308776855469,16.180927276611328
101,mlp,24,0.9156299368088467,121.08679962158203,17.31432342529297
101,mlp,25,0.9100019747235387,121.7514419555664,17.19484519958496
101,mlp,26,0.909458925750395,126.86265563964844,17.920955657958984
101,mlp,27,0.8970922195892576,121.35177612304688,18.986690521240234
101,mlp,28,0.8429601105845181,154.42971801757812,25.78289794921875
101,mlp,29,0.9198509083728278,123.8277816772461,16.99876594543457
101,mlp,30,0.8464158767772512,149.8074188232422,25.24144172668457
101,mlp,31,0.8370112559241706,123.787841796875,23.05616569519043
101,mlp,32,0.8562154423380727,157.02731323242188,25.34529685974121
101,mlp,33,0.8855894549763034,126.75631713867188,19.172853469848633
101,mlp,34,0.9061512638230648,130.8675994873047,19.226869583129883
101,mlp,35,0.8740620063191153,139.950927734375,23.23062515258789
101,mlp,36,0.8892426935229067,132.86346435546875,20.596168518066406
101,mlp,37,0.9105450236966824,136.78916931152344,19.03533172607422
101,mlp,38,0.9145191548183255,125.76040649414062,18.143062591552734
101,mlp,39,0.8889464849921012,136.81271362304688,20.039783477783203
101,mlp,40,0.9148153633491312,131.65464782714844,18.446889877319336
101,mlp,41,0.8555489731437599,185.69741821289062,28.742473602294922
101,mlp,42,0.8662618483412322,150.31930541992188,23.77213478088379
101,mlp,43,0.8357030015797788,160.11399841308594,26.15689468383789
101,mlp,44,0.9306131516587678,107.84564971923828,14.53273868560791
101,mlp,45,0.8943029225908373,149.7530059814453,22.036653518676758
101,mlp,46,0.9280460110584519,107.17339324951172,15.071233749389648
101,mlp,47,0.9112114928909952,118.04595184326172,17.607463836669922
101,mlp,48,0.8789988151658767,144.10494995117188,23.44243049621582
101,mlp,49,0.9524585308056872,105.28656005859375,13.23865795135498
101,mlp,50,0.8904522116903634,116.51372528076172,17.31119728088379
101,mlp,51,0.8837875197472354,134.8125762939453,20.560571670532227
101,mlp,52,0.8769500394944708,139.8169708251953,21.691482543945312
101,mlp,53,0.8966232227488151,141.56439208984375,20.177820205688477
101,mlp,54,0.923158570300158,114.53498077392578,16.56600570678711
101,mlp,55,0.8617446682464455,174.01113891601562,27.6638240814209
101,mlp,56,0.8904275276461295,145.42982482910156,20.804336547851562
101,mlp,57,0.8035396919431279,210.05755615234375,36.834720611572266
101,mlp,58,0.8781348736176935,171.05393981933594,25.384735107421875
101,mlp,59,0.9031398104265402,127.98950958251953,18.614519119262695
101,mlp,60,0.927897906793049,103.21090698242188,14.705283164978027
101,mlp,61,0.90625,141.54302978515625,19.957382202148438
101,mlp,62,0.9179996050552922,108.72452545166016,15.205130577087402
101,mlp,63,0.8945003949447078,143.3258056640625,21.082229614257812
101,mlp,64,0.9172343996840442,132.77920532226562,19.108423233032227
101,mlp,65,0.8907237361769352,137.0631866455078,21.328699111938477
101,mlp,66,0.9367841627172195,118.5044174194336,15.866943359375
101,mlp,67,0.923158570300158,139.4228057861328,18.469987869262695
101,mlp,68,0.9237016192733017,102.33341979980469,13.764915466308594
101,mlp,69,0.8725315955766193,169.11500549316406,25.00743865966797
101,mlp,70,0.8949940758293838,107.76388549804688,16.195547103881836
101,mlp,71,0.9004492496050553,138.59458923339844,19.93852424621582
101,mlp,72,0.8554502369668247,148.30958557128906,23.95146369934082
101,mlp,73,0.9085456161137441,133.93655395507812,18.93853187561035
101,mlp,74,0.8748765797788309,112.69445037841797,17.624141693115234
101,mlp,75,0.8598193127962085,156.42538452148438,25.22332000732422
101,mlp,76,0.878455766192733,143.86553955078125,22.65178871154785
101,mlp,77,0.9060772116903634,141.7209014892578,21.035625457763672
101,mlp,78,0.8597946287519748,146.45352172851562,24.071929931640625
101,mlp,79,0.8318769747235387,201.09690856933594,34.668087005615234
101,mlp,80,0.8601648894154819,138.85540771484375,22.126811981201172
101,mlp,81,0.8512292654028436,160.13986206054688,26.34212303161621
101,mlp,82,0.8357276856240127,174.6230926513672,29.06964683532715
101,mlp,83,0.902275868878357,111.61021423339844,16.361003875732422
101,mlp,84,0.8964504344391785,140.92308044433594,20.158395767211914
101,mlp,85,0.9101500789889415,129.31117248535156,17.90254783630371
101,mlp,86,0.9721317140600316,103.3746566772461,12.072253227233887
101,mlp,87,0.938141785150079,110.30810546875,14.860356330871582
101,mlp,88,0.8559686018957346,169.36004638671875,28.123188018798828
101,mlp,89,0.9483609794628752,105.10387420654297,13.109994888305664
101,mlp,90,0.828890205371248,162.74932861328125,29.022005081176758
101,mlp,91,0.8438981042654028,183.05349731445312,30.540931701660156
101,mlp,92,0.8752715244865719,160.88427734375,24.953691482543945
101,mlp,93,0.9090639810426541,116.747802734375,16.746179580688477
101,mlp,94,0.8891439573459715,141.88351440429688,22.103099822998047
101,mlp,95,0.8544875592417062,176.78347778320312,28.07769012451172
101,mlp,96,0.8509083728278041,196.8779754638672,31.96104621887207
101,mlp,97,0.7838171406003159,200.17367553710938,37.78211212158203
101,mlp,98,0.9148153633491312,108.59281158447266,14.58768367767334
101,mlp,99,0.816597551342812,147.19154357910156,25.746644973754883
101,mlp,100,0.8837875197472354,134.11141967773438,23.24341583251953
101,mlp,101,0.8562154423380727,185.6047821044922,29.070301055908203
101,mlp,102,0.8769994075829384,130.10389709472656,21.401233673095703
101,mlp,103,0.9126184834123223,136.62823486328125,18.9786434173584
101,mlp,104,0.946731832543444,108.43342590332031,13.854857444763184
101,mlp,105,0.9583827014218009,109.45640563964844,13.785650253295898
101,mlp,106,0.809562598736177,196.14976501464844,35.174442291259766
101,mlp,107,0.9208135860979463,103.45142364501953,14.537598609924316
101,mlp,108,0.8657434834123223,190.79534912109375,30.107223510742188
101,mlp,109,0.852586887835703,159.35169982910156,27.016599655151367
101,mlp,110,0.8913655213270142,151.9842987060547,22.357458114624023
101,mlp,111,0.862830766192733,179.27413940429688,27.873050689697266
101,mlp,112,0.9704778830963665,102.0430908203125,12.376971244812012
101,mlp,113,0.940437401263823,103.90728759765625,13.528704643249512
101,mlp,114,0.8559439178515008,139.31796264648438,26.14720916748047
101,mlp,115,0.9073114139020537,119.22809600830078,18.27464485168457
101,mlp,116,0.9118532780410743,117.76057434082031,17.891244888305664
101,mlp,117,0.8461443522906793,165.07493591308594,28.014970779418945
101,mlp,118,0.8008984992101106,169.6501922607422,31.246234893798828
101,mlp,119,0.8908965244865719,165.32505798339844,23.85639190673828
101,mlp,120,0.8720132306477093,160.163330078125,24.036354064941406
101,mlp,121,0.8982523696682464,142.39382934570312,20.49286651611328
101,mlp,122,0.8656941153238547,146.2092742919922,22.642196655273438
101,mlp,123,0.8872186018957346,144.2348175048828,20.93621253967285
101,mlp,124,0.9029423380726699,144.1062469482422,20.248022079467773
101,mlp,125,0.9198509083728278,136.40402221679688,18.81024169921875
101,mlp,126,0.9166913507109005,109.70384216308594,15.253169059753418
101,mlp,127,0.8885268562401264,142.4593963623047,21.118450164794922
101,mlp,128,0.9000049368088467,103.48506927490234,15.673084259033203
101,mlp,129,0.9474723538704581,103.30728149414062,13.413949966430664
101,mlp,130,0.9356980647709321,103.33390045166016,14.261069297790527
101,mlp,131,0.9567288704581358,103.1474838256836,13.513492584228516
101,mlp,132,0.9323410347551343,103.59088897705078,14.328669548034668
101,mlp,133,0.9478672985781991,103.06120300292969,13.141376495361328
101,mlp,134,0.9090886650868878,109.87316131591797,15.294209480285645
101,mlp,135,0.9012391390205371,123.62165832519531,18.408309936523438
101,mlp,136,0.8257800157977883,155.25787353515625,26.821880340576172
101,mlp,137,0.9333283965244866,115.60639190673828,15.388559341430664
101,mlp,138,0.9453988941548184,115.81104278564453,14.703167915344238
101,mlp,139,0.9247877172195893,108.20148468017578,14.935364723205566
101,mlp,140,0.9224921011058452,121.5866928100586,16.68018341064453
101,mlp,141,0.9123716429699842,133.20700073242188,18.37405014038086
101,mlp,142,0.9078297788309637,160.12974548339844,21.99582290649414
101,mlp,143,0.938512045813586,107.55242919921875,14.03735637664795
101,mlp,144,0.9787223538704581,101.6041259765625,11.730938911437988
101,mlp,145,0.9538655213270142,102.72879791259766,13.005831718444824
101,mlp,146,0.8839356240126383,163.95787048339844,24.12962532043457
101,mlp,147,0.9101500789889415,122.12228393554688,17.180147171020508
101,mlp,148,0.980154028436019,112.22504425048828,13.09445858001709
101,mlp,149,0.9806970774091627,112.79463958740234,13.114889144897461
101,mlp,150,0.9791913507109005,112.18304443359375,13.109959602355957
101,mlp,151,0.8498222748815166,137.9420928955078,22.570302963256836
101,mlp,152,0.9021030805687204,113.2954330444336,16.109039306640625
101,mlp,153,0.9375987361769352,133.60960388183594,17.316476821899414
101,mlp,154,0.9133590047393365,136.8255157470703,18.366397857666016
101,mlp,155,0.9338220774091627,104.06781005859375,13.817610740661621
101,mlp,156,0.9521623222748815,102.31816864013672,12.91663932800293
101,mlp,157,0.9326866113744076,107.80133056640625,13.817557334899902
101,mlp,158,0.9289840047393365,113.01065063476562,15.060956001281738
101,mlp,159,0.928786532385466,135.0706024169922,17.627885818481445
101,mlp,160,0.9345872827804107,118.10285949707031,15.169479370117188
101,mlp,161,0.923405410742496,124.31437683105469,17.312532424926758
101,mlp,162,0.9316251974723538,128.11215209960938,16.785926818847656
101,mlp,163,0.9251332938388626,134.9909210205078,18.09246063232422
101,mlp,164,0.962208728278041,123.21524810791016,15.084300994873047
101,mlp,165,0.917777448657188,112.41512298583984,15.742270469665527
101,mlp,166,0.9116804897314376,111.44779205322266,15.692824363708496
101,mlp,167,0.8843799368088467,134.76258850097656,20.272037506103516
101,mlp,168,0.9241212480252765,126.46613311767578,16.929546356201172
101,mlp,169,0.9625543048973144,123.8301010131836,15.09786605834961
101,mlp,170,0.9619865718799369,123.86952209472656,15.131321907043457
101,mlp,171,0.905608214849921,123.01060485839844,17.496572494506836
101,mlp,172,0.9807217614533965,101.70690155029297,11.722341537475586
101,mlp,173,0.8329383886255924,168.84901428222656,28.645296096801758
101,mlp,174,0.935056279620853,124.0560073852539,16.352434158325195
101,mlp,175,0.9174565560821485,125.26852416992188,17.269771575927734
101,mlp,176,0.9391291469194313,134.1040496826172,17.294198989868164
101,mlp,177,0.9611226303317536,123.20349884033203,15.127264976501465
101,mlp,178,0.9634182464454977,123.5626220703125,15.093240737915039
101,mlp,179,0.9608757898894155,122.5149917602539,15.101548194885254
101,mlp,180,0.9807711295418642,101.70513916015625,11.721126556396484
101,mlp,181,0.9787223538704581,101.69397735595703,11.729813575744629
101,mlp,182,0.9460406793048973,107.3529052734375,13.18899917602539
101,mlp,183,0.9795862954186414,101.6673583984375,11.730809211730957
101,mlp,184,0.9439178515007899,103.43499755859375,13.054895401000977
101,mlp,185,0.9583333333333334,104.8701400756836,12.764892578125
101,mlp,186,0.9113842812006319,108.53273010253906,14.921941757202148
101,mlp,187,0.9288852685624013,119.64797973632812,16.070714950561523
101,mlp,188,0.9112608609794629,116.82534790039062,16.124074935913086
101,mlp,189,0.9804749210110585,101.64328002929688,11.720309257507324
101,mlp,190,0.9586789099526066,101.77701568603516,12.60379695892334
101,mlp,191,0.9806970774091627,101.70979309082031,11.725079536437988
101,mlp,192,0.97899387835703,101.64127349853516,11.732625961303711
101,mlp,193,0.9806970774091627,101.70552825927734,11.723121643066406
101,mlp,194,0.9794381911532386,101.66011047363281,11.73495864868164
101,mlp,195,0.9807464454976303,101.70530700683594,11.721936225891113
101,mlp,196,0.9861028830963665,101.8801498413086,12.451289176940918
101,mlp,197,0.9807711295418642,101.70413208007812,11.72019100189209
101,mlp,198,0.9794135071090048,101.65833282470703,11.734387397766113
101,mlp,199,0.9806970774091627,101.70771026611328,11.723679542541504
101,mlp,200,0.9807711295418642,101.70622253417969,11.721073150634766
101,mlp,201,0.8426392180094787,154.29519653320312,26.159273147583008
101,mlp,202,0.7730548973143759,205.38345336914062,39.978424072265625
101,mlp,203,0.7915926145339652,180.99676513671875,34.43302536010742
101,mlp,204,0.8560920221169036,152.2724609375,25.033397674560547
101,mlp,205,0.9366113744075829,104.41959381103516,14.234025955200195
101,mlp,206,0.9200977488151659,112.15037536621094,15.317140579223633
101,mlp,207,0.9087677725118484,138.82614135742188,19.492918014526367
101,mlp,208,0.8334073854660348,193.0342559814453,32.62467575073242
101,mlp,209,0.8485387045813586,198.5539093017578,33.08903884887695
101,mlp,210,0.8873173380726699,132.81163024902344,20.352140426635742
101,mlp,211,0.9106684439178515,130.57542419433594,19.062755584716797
101,mlp,212,0.9552478278041074,104.23699188232422,13.039374351501465
101,mlp,213,0.8808748025276462,162.32968139648438,24.69758415222168
101,mlp,214,0.884602093206951,126.58113861083984,21.787626266479492
101,mlp,215,0.873593009478673,132.6648406982422,22.425634384155273
101,mlp,216,0.8544875592417062,135.74671936035156,24.9876708984375
101,mlp,217,0.8620408767772512,130.9613800048828,24.956527709960938
101,mlp,218,0.8624851895734598,133.5183563232422,23.718141555786133
101,mlp,219,0.8665333728278041,130.8925323486328,24.839113235473633
101,mlp,220,0.8680144154818326,145.23158264160156,23.07997703552246
101,mlp,221,0.9005233017377567,131.3956298828125,19.553125381469727
101,mlp,222,0.830173775671406,132.79335021972656,23.624069213867188
101,mlp,223,0.8611522511848341,129.72427368164062,20.624631881713867
101,mlp,224,0.9335011848341233,106.22200775146484,14.610174179077148
101,mlp,225,0.924047195892575,104.78016662597656,14.890612602233887
101,mlp,226,0.8982770537124802,106.47396850585938,16.02117347717285
101,mlp,227,0.9124703791469194,114.95482635498047,17.016695022583008
101,mlp,228,0.9809932859399684,101.76392364501953,12.002447128295898
101,mlp,229,0.9664050157977883,104.25902557373047,12.708036422729492
101,mlp,230,0.9285890600315956,113.8157730102539,15.610831260681152
101,mlp,231,0.9413753949447078,109.78623962402344,14.281052589416504
101,mlp,232,0.9301194707740916,108.8521957397461,15.809741973876953
101,mlp,233,0.9206901658767772,119.42709350585938,16.552213668823242
101,mlp,234,0.8862312401263823,153.53968811035156,22.20816993713379
101,mlp,235,0.9280706951026856,132.18850708007812,17.29915428161621
101,mlp,236,0.9322422985781991,135.85693359375,17.430227279663086
101,mlp,237,0.9169628751974723,119.48497772216797,16.589677810668945
101,mlp,238,0.9285890600315956,128.16299438476562,17.55527687072754
101,mlp,239,0.9057069510268563,145.25794982910156,20.196210861206055
101,mlp,240,0.8793690758293838,126.83605194091797,20.042264938354492
101,mlp,241,0.9035841232227488,136.22569274902344,19.884170532226562
101,mlp,242,0.8984251579778831,115.55278778076172,16.815046310424805
101,mlp,243,0.9244915086887836,113.04206085205078,15.145395278930664
101,mlp,244,0.9347353870458136,107.38756561279297,14.28247356414795
101,mlp,245,0.8500691153238547,143.07400512695312,25.783447265625
101,mlp,246,0.8969934834123223,117.53055572509766,17.234678268432617
101,mlp,247,0.9005479857819905,108.76170349121094,16.099790573120117
101,mlp,248,0.9423380726698263,108.11778259277344,13.870774269104004
101,mlp,249,0.9698114139020537,102.02694702148438,12.298571586608887
101,mlp,250,0.8864533965244866,142.55078125,21.00418472290039
101,mlp,251,0.8630282385466035,133.19285583496094,21.101137161254883
101,mlp,252,0.8994125197472354,144.44056701660156,20.478479385375977
101,mlp,253,0.8995606240126383,152.5131378173828,20.897573471069336
101,mlp,254,0.9071879936808847,122.52070617675781,17.592260360717773
101,mlp,255,0.8969687993680885,120.88292694091797,18.47348403930664
101,mlp,256,0.876160150078989,129.85520935058594,21.94973373413086
101,mlp,257,0.9349081753554502,103.94307708740234,14.336466789245605
101,mlp,258,0.9457691548183255,105.74862670898438,13.306296348571777
101,mlp,259,0.9105450236966824,126.42900848388672,17.95742416381836
101,mlp,260,0.8947966034755134,139.62962341308594,21.210811614990234
101,mlp,261,0.9636157187993681,124.35619354248047,15.10611629486084
101,mlp,262,0.8883540679304898,138.2999267578125,20.635278701782227
101,mlp,263,0.860016785150079,160.05221557617188,25.18303680419922
101,mlp,264,0.9293542654028436,115.32572937011719,15.662566184997559
101,mlp,265,0.8758392575039494,135.3507080078125,21.519502639770508
101,mlp,266,0.926614336492891,103.318359375,15.117369651794434
101,mlp,267,0.9100266587677726,128.80670166015625,17.976428985595703
101,mlp,268,0.8661137440758294,154.78895568847656,24.131635665893555
101,mlp,269,0.9268364928909952,109.0142822265625,14.72389030456543
101,mlp,270,0.865521327014218,146.4971923828125,23.12916374206543
101,mlp,271,0.8472304502369669,181.94728088378906,30.349695205688477
101,mlp,272,0.8292604660347551,181.0462188720703,31.432310104370117
101,mlp,273,0.9207395339652449,104.451171875,14.639708518981934
101,mlp,274,0.8947472353870458,106.16912078857422,16.2702579498291
101,mlp,275,0.9487559241706162,103.41630554199219,13.880077362060547
101,mlp,276,0.9255529225908373,108.47544860839844,15.623493194580078
101,mlp,277,0.9147413112164297,122.15805053710938,17.057750701904297
101,mlp,278,0.9109646524486572,116.44137573242188,16.873926162719727
101,mlp,279,0.9293542654028436,114.56044006347656,15.395695686340332
101,mlp,280,0.9383145734597157,106.24607849121094,14.170101165771484
101,mlp,281,0.8737411137440758,122.79092407226562,20.2283992767334
101,mlp,282,0.9230104660347551,107.08877563476562,15.059322357177734
101,mlp,283,0.8796406003159558,125.96704864501953,19.325532913208008
101,mlp,284,0.8806773301737757,136.37635803222656,22.26827621459961
101,mlp,285,0.8775918246445498,138.2458953857422,22.645530700683594
101,mlp,286,0.8752715244865719,127.42424774169922,21.2764835357666
101,mlp,287,0.8653238546603476,143.3276824951172,21.910091400146484
101,mlp,288,0.8632750789889415,134.0608673095703,20.740793228149414
101,mlp,289,0.9271820695102686,106.98503875732422,14.69684886932373
101,mlp,290,0.8400227093206951,135.99119567871094,22.30887222290039
101,mlp,291,0.8697422985781991,146.3084259033203,22.78302764892578
101,mlp,292,0.8675207345971564,133.53717041015625,21.911035537719727
101,mlp,293,0.9114089652448657,126.50098419189453,17.269573211669922
101,mlp,294,0.877690560821485,139.406494140625,21.00885772705078
101,mlp,295,0.9617890995260664,123.30255126953125,15.105314254760742
101,mlp,296,0.9337233412322274,113.5245132446289,14.854734420776367
101,mlp,297,0.8081062401263823,182.75616455078125,31.906293869018555
101,mlp,298,0.8388625592417062,176.96897888183594,30.592487335205078
101,mlp,299,0.9179749210110585,134.83128356933594,18.982934951782227
101,mlp,300,0.8979561611374408,134.0000457763672,19.682315826416016
101,mlp,301,0.9031644944707741,128.25747680664062,19.390621185302734
101,mlp,302,0.8790481832543444,125.39146423339844,18.79741096496582
101,mlp,303,0.8124259478672986,163.40565490722656,28.720674514770508
101,mlp,304,0.8485387045813586,156.93093872070312,26.557104110717773
101,mlp,305,0.9363151658767772,114.27183532714844,15.234939575195312
101,mlp,306,0.9574693917851501,111.74668884277344,13.62868881225586
101,fourier,0,0.8787519747235387,148.744873046875,22.935121536254883
101,fourier,1,0.8820349526066351,136.29934692382812,21.75536346435547
101,fourier,2,0.8079828199052133,176.28573608398438,33.260738372802734
101,fourier,3,0.9436216429699842,115.9438705444336,15.074034690856934
101,fourier,4,0.8923528830963665,115.77481079101562,17.999330520629883
101,fourier,5,0.9370063191153238,129.7008514404297,16.5262508392334
101,fourier,6,0.9108165481832543,119.67799377441406,17.69047737121582
101,fourier,7,0.9102734992101106,123.34877014160156,18.41655158996582
101,fourier,8,0.9110387045813586,118.86946105957031,16.82059097290039
101,fourier,9,0.926490916271722,120.91252136230469,16.45319366455078
101,fourier,10,0.8201520537124802,154.03150939941406,26.49076271057129
101,fourier,11,0.9133343206951027,129.82171630859375,18.33039093017578
101,fourier,12,0.8503900078988942,197.5763397216797,33.97895812988281
101,fourier,13,0.9390797788309637,111.69754791259766,14.859090805053711
101,fourier,14,0.9399684044233807,112.2677993774414,14.681441307067871
101,fourier,15,0.8792950236966824,139.94496154785156,21.841646194458008
101,fourier,16,0.919949644549763,147.78671264648438,20.265047073364258
101,fourier,17,0.9065955766192733,147.1214141845703,21.10381507873535
101,fourier,18,0.8158570300157978,155.94638061523438,27.82206153869629
101,fourier,19,0.9115817535545023,146.59246826171875,20.333520889282227
101,fourier,20,0.9174812401263823,121.65587615966797,16.753480911254883
101,fourier,21,0.9576421800947867,110.04717254638672,13.552811622619629
101,fourier,22,0.9289346366508688,114.00977325439453,17.17049217224121
101,fourier,23,0.9120260663507109,116.15682983398438,16.18024444580078
101,fourier,24,0.9197274881516587,123.17005920410156,17.427011489868164
101,fourier,25,0.9100266587677726,123.5739517211914,17.33580780029297
101,fourier,26,0.9219737361769352,129.403564453125,17.868135452270508
101,fourier,27,0.8940560821484992,122.91412353515625,19.131914138793945
101,fourier,28,0.8467614533965245,154.04330444335938,25.718486785888672
101,fourier,29,0.9110880726698263,121.87242126464844,17.161128997802734
101,fourier,30,0.8550552922590837,149.82667541503906,25.19350814819336
101,fourier,31,0.8165234992101106,122.87519836425781,23.59026336669922
101,fourier,32,0.8722353870458136,161.77098083496094,25.239221572875977
101,fourier,33,0.89548775671406,130.0764617919922,19.161893844604492
101,fourier,34,0.8974624802527646,130.4125518798828,19.570510864257812
101,fourier,35,0.8889958530805687,145.1134033203125,23.247459411621094
101,fourier,36,0.8945497630331753,136.0786895751953,20.60426139831543
101,fourier,37,0.9106931279620853,137.41717529296875,19.101892471313477
101,fourier,38,0.9108165481832543,126.73056030273438,18.374244689941406
101,fourier,39,0.8876382306477093,135.88340759277344,20.155500411987305
101,fourier,40,0.9197521721958926,133.9685516357422,18.52100944519043
101,fourier,41,0.8712233412322274,194.68858337402344,28.850460052490234
101,fourier,42,0.8802083333333334,156.78900146484375,23.81427764892578
101,fourier,43,0.8567338072669827,166.52017211914062,26.001422882080078
101,fourier,44,0.9324150868878357,110.69223022460938,14.748513221740723
101,fourier,45,0.9020783965244866,153.85179138183594,22.082181930541992
101,fourier,46,0.929428317535545,110.8069839477539,15.240941047668457
101,fourier,47,0.9085209320695102,120.79156494140625,17.963687896728516
101,fourier,48,0.8860337677725119,146.12245178222656,23.585908889770508
101,fourier,49,0.9604808451816745,110.74104309082031,13.41457462310791
101,fourier,50,0.8969441153238547,119.01170349121094,17.434022903442383
101,fourier,51,0.897018167456556,139.09967041015625,20.543018341064453
101,fourier,52,0.8827507898894155,142.25648498535156,21.705398559570312
101,fourier,53,0.9049911137440758,144.3549041748047,20.185222625732422
101,fourier,54,0.9073607819905213,116.73052215576172,16.920772552490234
101,fourier,55,0.8580173775671406,170.16493225097656,27.649520874023438
101,fourier,56,0.9079038309636651,153.43580627441406,20.84185791015625
101,fourier,57,0.8122037914691943,211.04794311523438,36.88858413696289
101,fourier,58,0.8866261848341233,179.41123962402344,25.42121696472168
101,fourier,59,0.9058303712480252,131.08265686035156,18.697032928466797
101,fourier,60,0.9313289889415481,106.88983154296875,14.913785934448242
101,fourier,61,0.915728672985782,144.63088989257812,19.964630126953125
101,fourier,62,0.9309834123222749,114.22726440429688,15.401254653930664
101,fourier,63,0.9042752764612955,147.06581115722656,21.181983947753906
101,fourier,64,0.9175799763033176,131.80430603027344,19.086782455444336
101,fourier,65,0.8958333333333334,140.8594207763672,21.562524795532227
101,fourier,66,0.9376974723538705,120.2448501586914,15.944917678833008
101,fourier,67,0.9314277251184834,142.95101928710938,18.5446834564209
101,fourier,68,0.9367594786729858,107.88667297363281,13.839509010314941
101,fourier,69,0.8857869273301737,177.53257751464844,25.06637191772461
101,fourier,70,0.9009182464454977,111.57706451416016,16.422189712524414
101,fourier,71,0.908422195892575,144.6028289794922,20.114654541015625
101,fourier,72,0.8656447472353871,152.08935546875,24.026369094848633
101,fourier,73,0.9148153633491312,136.8030548095703,19.02090072631836
101,fourier,74,0.8878357030015798,115.91620635986328,17.714197158813477
101,fourier,75,0.8751234202211691,161.3807830810547,25.202131271362305
101,fourier,76,0.8848489336492891,147.46426391601562,22.722278594970703
101,fourier,77,0.9051392180094787,142.7954864501953,21.201452255249023
101,fourier,78,0.8747284755134281,151.79534912109375,24.05082130432129
101,fourier,79,0.8455025671406003,206.056884765625,34.5799560546875
101,fourier,80,0.8745063191153238,141.40379333496094,21.964738845825195
101,fourier,81,0.8702853475513428,168.4621124267578,26.341930389404297
101,fourier,82,0.8441449447077409,177.51089477539062,29.09440040588379
101,fourier,83,0.9138773696682464,115.24539947509766,16.482465744018555
101,fourier,84,0.906003159557662,144.3128662109375,20.171161651611328
101,fourier,85,0.9160742496050553,131.89576721191406,17.932435989379883
101,fourier,86,0.9688240521327014,108.16494750976562,12.397635459899902
101,fourier,87,0.9300701026856241,112.5359878540039,15.327897071838379
101,fourier,88,0.859621840442338,169.9844207763672,28.146141052246094
101,fourier,89,0.953371840442338,110.82278442382812,13.359257698059082
101,fourier,90,0.8405904423380727,165.8489532470703,29.016223907470703
101,fourier,91,0.8544135071090048,186.5625457763672,30.481117248535156
101,fourier,92,0.8844539889415481,166.03965759277344,25.057161331176758
101,fourier,93,0.9140007898894155,119.12613677978516,16.955387115478516
101,fourier,94,0.9007207740916272,147.89279174804688,22.215463638305664
101,fourier,95,0.8708777646129542,183.87100219726562,27.88385581970215
101,fourier,96,0.8554502369668247,197.631103515625,31.84710693359375
101,fourier,97,0.7617989731437599,196.017333984375,38.555110931396484
101,fourier,98,0.9173084518167457,111.54318237304688,14.817115783691406
101,fourier,99,0.83350612164297,150.00404357910156,25.5572566986084
101,fourier,100,0.8959320695102686,138.27418518066406,23.28091812133789
101,fourier,101,0.8533767772511849,184.0922088623047,29.464183807373047
101,fourier,102,0.8741854265402843,129.13839721679688,21.478763580322266
101,fourier,103,0.9162717219589257,138.70655822753906,19.023643493652344
101,fourier,104,0.9523351105845181,112.57718658447266,14.031907081604004
101,fourier,105,0.9604067930489731,113.21681213378906,13.934000968933105
101,fourier,106,0.8168690758293838,198.6588592529297,35.06522750854492
101,fourier,107,0.9154077804107424,105.98855590820312,14.728779792785645
101,fourier,108,0.8413803317535545,180.47418212890625,30.50363540649414
101,fourier,109,0.861423775671406,162.70556640625,27.098169326782227
101,fourier,110,0.8966972748815166,156.25621032714844,22.471439361572266
101,fourier,111,0.8516488941548184,177.6342315673828,28.44208526611328
101,fourier,112,0.9705766192733017,107.24824523925781,12.624155044555664
101,fourier,113,0.9497186018957346,109.83480072021484,13.770919799804688
101,fourier,114,0.8549071879936809,139.27120971679688,26.455808639526367
101,fourier,115,0.9117051737756714,123.31536102294922,18.521034240722656
101,fourier,116,0.8957345971563981,118.78540802001953,18.178987503051758
101,fourier,117,0.8501184834123223,164.97454833984375,27.926721572875977
101,fourier,118,0.8086986571879937,169.46807861328125,30.988590240478516
101,fourier,119,0.894722551342812,167.48956298828125,23.954824447631836
101,fourier,120,0.8843552527646129,166.7113037109375,24.190168380737305
101,fourier,121,0.9066202606635071,146.40809631347656,20.508026123046875
101,fourier,122,0.8850710900473934,152.8416748046875,22.577537536621094
101,fourier,123,0.8988447867298578,148.84765625,20.954805374145508
101,fourier,124,0.9115323854660348,147.4003143310547,20.300556182861328
101,fourier,125,0.9143957345971564,137.0250244140625,19.052560806274414
101,fourier,126,0.9279472748815166,114.40247344970703,15.469531059265137
101,fourier,127,0.9017328199052133,147.9651336669922,21.152143478393555
101,fourier,128,0.884231832543444,105.2115707397461,16.12244415283203
101,fourier,129,0.9499407582938388,107.47693634033203,13.691900253295898
101,fourier,130,0.9278732227488151,106.96501159667969,14.588385581970215
101,fourier,131,0.9443127962085308,105.46836853027344,13.798336029052734
101,fourier,132,0.9163704581358609,105.36475372314453,14.623241424560547
101,fourier,133,0.9609498420221169,109.75270080566406,13.301835060119629
101,fourier,134,0.9216528436018957,115.71653747558594,15.418618202209473
101,fourier,135,0.9054601105845181,125.4273452758789,18.417190551757812
101,fourier,136,0.8193374802527646,152.15597534179688,26.793352127075195
101,fourier,137,0.9375,116.38333129882812,15.59477424621582
101,fourier,138,0.9374012638230648,116.92625427246094,15.040773391723633
101,fourier,139,0.9363151658767772,113.09424591064453,15.008716583251953
101,fourier,140,0.9253060821484992,122.82568359375,16.754098892211914
101,fourier,141,0.9242940363349131,138.2157440185547,18.43996810913086
101,fourier,142,0.91649387835703,165.85227966308594,22.144662857055664
101,fourier,143,0.9450780015797788,112.45780181884766,14.226180076599121
101,fourier,144,0.9762539494470774,107.12348175048828,12.02306842803955
101,fourier,145,0.9442140600315956,106.7145767211914,13.324678421020508
101,fourier,146,0.8985979462875198,171.68051147460938,24.197446823120117
101,fourier,147,0.9074348341232228,121.32453155517578,17.371522903442383
101,fourier,148,0.9671455371248026,112.67414855957031,13.373923301696777
101,fourier,149,0.9675404818325435,112.8851318359375,13.389782905578613
101,fourier,150,0.9675651658767772,112.69011688232422,13.380522727966309
101,fourier,151,0.8541913507109005,139.26087951660156,22.6922607421875
101,fourier,152,0.9102488151658767,116.3034439086914,16.229225158691406
101,fourier,153,0.9396475118483413,134.68423461914062,17.337757110595703
101,fourier,154,0.9219737361769352,139.89114379882812,18.424758911132812
101,fourier,155,0.9290827409162717,107.98251342773438,14.175024032592773
101,fourier,156,0.9498173380726699,106.63203430175781,13.18795394897461
101,fourier,157,0.9328347156398105,111.36155700683594,14.170674324035645
101,fourier,158,0.9278238546603476,115.76382446289062,15.407828330993652
101,fourier,159,0.9384626777251185,138.0514678955078,17.6307430267334
101,fourier,160,0.9431773301737757,120.57711029052734,15.24661636352539
101,fourier,161,0.9145438388625592,124.52581787109375,17.78221321105957
101,fourier,162,0.9411038704581358,130.97642517089844,16.818016052246094
101,fourier,163,0.9237509873617693,135.7407684326172,18.30423355102539
101,fourier,164,0.9578149684044234,122.44829559326172,15.19123649597168
101,fourier,165,0.9202211690363349,115.3613510131836,16.076143264770508
101,fourier,166,0.9044480647709321,114.60283660888672,16.052934646606445
101,fourier,167,0.8887736966824644,135.67701721191406,20.454345703125
101,fourier,168,0.9266390205371248,127.91228485107422,17.014400482177734
101,fourier,169,0.9579630726698263,122.32217407226562,15.182023048400879
101,fourier,170,0.9588516982622433,123.06458282470703,15.198796272277832
101,fourier,171,0.9047442733017378,123.01420593261719,17.656965255737305
101,fourier,172,0.9751184834123223,106.94623565673828,12.027289390563965
101,fourier,173,0.8511058451816745,175.0559539794922,28.587291717529297
101,fourier,174,0.9276757503949447,124.49642944335938,16.59328842163086
101,fourier,175,0.9262934439178515,127.90701293945312,17.26841163635254
101,fourier,176,0.9394500394944708,134.3993682861328,17.324634552001953
101,fourier,177,0.9573953396524486,122.34892272949219,15.192707061767578
101,fourier,178,0.9580864928909952,122.43634033203125,15.177362442016602
101,fourier,179,0.9589998025276462,122.64640045166016,15.185076713562012
101,fourier,180,0.9751678515007899,106.94535064697266,12.026067733764648
101,fourier,181,0.9761058451816745,107.11994934082031,12.023322105407715
101,fourier,182,0.9481388230647709,111.75469970703125,13.580547332763672
101,fourier,183,0.9753159557661928,107.02064514160156,12.027666091918945
101,fourier,184,0.9550750394944708,109.97798156738281,13.23482894897461
101,fourier,185,0.9617644154818326,110.29821014404297,13.007704734802246
101,fourier,186,0.9221465244865719,113.3927230834961,15.034072875976562
101,fourier,187,0.9317486176935229,122.50265502929688,16.234342575073242
101,fourier,188,0.92239336492891,120.48303985595703,16.208261489868164
101,fourier,189,0.9754887440758294,106.99971771240234,12.026032447814941
101,fourier,190,0.9560870853080569,106.61972045898438,12.884299278259277
101,fourier,191,0.9750937993680885,106.94744873046875,12.030036926269531
101,fourier,192,0.974896327014218,106.964599609375,12.02785873413086
101,fourier,193,0.9751184834123223,106.94569396972656,12.02807331085205
101,fourier,194,0.974772906793049,106.93898010253906,12.031147956848145
101,fourier,195,0.9751184834123223,106.94544982910156,12.026883125305176
101,fourier,196,0.9708234597156398,105.10335540771484,12.798149108886719
101,fourier,197,0.9751678515007899,106.94497680664062,12.025115013122559
101,fourier,198,0.9748222748815166,106.93816375732422,12.030580520629883
101,fourier,199,0.9751184834123223,106.9463119506836,12.028637886047363
101,fourier,200,0.9751678515007899,106.94554901123047,12.026021957397461
101,fourier,201,0.8536483017377567,158.71551513671875,26.12006378173828
101,fourier,202,0.7643167456556083,202.43325805664062,39.98822021484375
101,fourier,203,0.7808056872037915,182.3955841064453,34.74912643432617
101,fourier,204,0.8687796208530806,156.80337524414062,24.999589920043945
101,fourier,205,0.938783570300158,109.01802062988281,14.422609329223633
101,fourier,206,0.9320201421800948,117.39795684814453,15.438743591308594
101,fourier,207,0.9188635466034755,144.13339233398438,19.599977493286133
101,fourier,208,0.8378998815165877,193.40170288085938,32.52340316772461
101,fourier,209,0.8576718009478673,201.28659057617188,33.15099334716797
101,fourier,210,0.8944510268562401,134.90277099609375,20.322738647460938
101,fourier,211,0.9175059241706162,132.6088104248047,19.077117919921875
101,fourier,212,0.9464109399684044,108.78057098388672,13.374165534973145
101,fourier,213,0.8886009083728278,165.9882049560547,24.770050048828125
101,fourier,214,0.8827754739336493,130.35568237304688,21.977783203125
101,fourier,215,0.8724081753554502,134.62954711914062,22.537933349609375
101,fourier,216,0.8569559636650869,138.71160888671875,25.055755615234375
101,fourier,217,0.8677182069510269,134.89822387695312,25.02001953125
101,fourier,218,0.8643858609794629,136.29049682617188,23.85801124572754
101,fourier,219,0.870260663507109,134.3387451171875,24.94562339782715
101,fourier,220,0.8764810426540285,147.36764526367188,23.16067123413086
101,fourier,221,0.8889958530805687,128.81312561035156,19.80933380126953
101,fourier,222,0.8418740126382307,135.60888671875,23.637277603149414
101,fourier,223,0.8724822274881516,131.96568298339844,20.563188552856445
101,fourier,224,0.9373518957345972,110.28633117675781,14.970255851745605
101,fourier,225,0.9112361769352291,107.25447845458984,15.147298812866211
101,fourier,226,0.8754936808846762,106.6491928100586,16.43358612060547
101,fourier,227,0.8967960110584519,114.59856414794922,17.607114791870117
101,fourier,228,0.977833728278041,106.36418914794922,12.27564811706543
101,fourier,229,0.964010663507109,108.53718566894531,13.105488777160645
101,fourier,230,0.9282928515007899,116.54619598388672,15.954696655273438
101,fourier,231,0.9354759083728278,113.59272766113281,14.561622619628906
101,fourier,232,0.918937598736177,110.88630676269531,16.034658432006836
101,fourier,233,0.9167407187993681,120.37232208251953,16.839344024658203
101,fourier,234,0.8980302132701422,160.30406188964844,22.31331443786621
101,fourier,235,0.9274535939968405,133.28457641601562,17.46371841430664
101,fourier,236,0.9345379146919431,136.39207458496094,17.511560440063477
101,fourier,237,0.9219984202211691,123.15271759033203,16.797029495239258
101,fourier,238,0.9284656398104265,129.48727416992188,17.705293655395508
101,fourier,239,0.9192338072669827,149.82940673828125,20.1540584564209
101,fourier,240,0.886922393364929,130.90391540527344,20.239572525024414
101,fourier,241,0.9031151263823065,137.5738067626953,19.99819564819336
101,fourier,242,0.9056822669826224,118.81309509277344,16.931201934814453
101,fourier,243,0.9357968009478673,117.68092346191406,15.271978378295898
101,fourier,244,0.9363892180094787,112.28446197509766,14.55893325805664
101,fourier,245,0.857449644549763,144.6750946044922,25.940378189086914
101,fourier,246,0.9062253159557662,120.52584075927734,17.28423309326172
101,fourier,247,0.8969194312796208,111.32868957519531,16.304927825927734
101,fourier,248,0.939425355450237,111.74154663085938,14.264603614807129
101,fourier,249,0.9561858214849921,105.94843292236328,12.705153465270996
101,fourier,250,0.8913408372827805,145.7790069580078,21.1283016204834
101,fourier,251,0.8671504739336493,134.39700317382812,21.290611267089844
101,fourier,252,0.9069164691943128,148.9901123046875,20.608016967773438
101,fourier,253,0.9117298578199052,159.38955688476562,21.020654678344727
101,fourier,254,0.9144451026856241,125.09293365478516,17.579360961914062
101,fourier,255,0.9020783965244866,123.18805694580078,18.505096435546875
101,fourier,256,0.8803070695102686,133.54771423339844,22.16791534423828
101,fourier,257,0.9259231832543444,106.89578247070312,14.569849967956543
101,fourier,258,0.9458678909952607,109.69500732421875,13.63980770111084
101,fourier,259,0.9111374407582938,127.78690338134766,18.1292724609375
101,fourier,260,0.8940560821484992,141.3135223388672,21.415971755981445
101,fourier,261,0.9577162322274881,122.10789489746094,15.161927223205566
101,fourier,262,0.8955864928909952,140.76773071289062,20.64276123046875
101,fourier,263,0.8691498815165877,161.89450073242188,25.080211639404297
101,fourier,264,0.9333777646129542,118.06980895996094,15.790827751159668
101,fourier,265,0.8864780805687204,139.53526306152344,21.569137573242188
101,fourier,266,0.9017328199052133,104.6171875,15.628341674804688
101,fourier,267,0.9199249605055292,132.07000732421875,17.988849639892578
101,fourier,268,0.8707543443917851,154.29690551757812,24.092697143554688
101,fourier,269,0.9347353870458136,113.93004608154297,14.88051700592041
101,fourier,270,0.8809488546603476,151.0070037841797,23.00193214416504
101,fourier,271,0.8554749210110585,185.6988983154297,30.28828239440918
101,fourier,272,0.8553268167456556,191.81765747070312,31.18311309814453
101,fourier,273,0.9217268957345972,108.19783020019531,14.846531867980957
101,fourier,274,0.9069905213270142,110.00867462158203,16.383163452148438
101,fourier,275,0.9349081753554502,106.07975769042969,14.169641494750977
101,fourier,276,0.9252567140600316,111.30390930175781,15.849142074584961
101,fourier,277,0.915086887835703,124.0693130493164,17.197349548339844
101,fourier,278,0.9222205766192733,119.9677734375,16.8975772857666
101,fourier,279,0.9379196287519748,117.5307846069336,15.532022476196289
101,fourier,280,0.9447571090047393,111.52045440673828,14.343622207641602
101,fourier,281,0.8791962875197472,124.91452026367188,20.28224754333496
101,fourier,282,0.9295023696682464,111.47058868408203,15.203394889831543
101,fourier,283,0.8903534755134281,129.3467254638672,19.31676483154297
101,fourier,284,0.8854660347551343,137.57115173339844,22.465023040771484
101,fourier,285,0.8794184439178515,139.4788818359375,22.83066177368164
101,fourier,286,0.8754196287519748,127.48190307617188,21.369274139404297
101,fourier,287,0.8802577014218009,146.23165893554688,21.715917587280273
101,fourier,288,0.878455766192733,137.98822021484375,20.637683868408203
101,fourier,289,0.9397215639810427,112.40968322753906,14.75544261932373
101,fourier,290,0.8517969984202212,137.03512573242188,22.226852416992188
101,fourier,291,0.8767031990521327,149.16925048828125,22.943899154663086
101,fourier,292,0.8640402843601895,131.75192260742188,22.08021354675293
101,fourier,293,0.9204186413902053,129.18788146972656,17.242103576660156
101,fourier,294,0.8854166666666666,141.39447021484375,21.054119110107422
101,fourier,295,0.9577162322274881,122.25505828857422,15.183300971984863
101,fourier,296,0.9390797788309637,116.6572494506836,15.079036712646484
101,fourier,297,0.8164247630331753,183.900146484375,31.878437042236328
101,fourier,298,0.8558451816745656,183.45425415039062,30.61320686340332
101,fourier,299,0.9156546208530806,135.48521423339844,19.109281539916992
101,fourier,300,0.8931180884676145,133.29583740234375,19.860088348388672
101,fourier,301,0.90086887835703,129.8033905029297,19.654939651489258
101,fourier,302,0.8773449842022117,125.69332885742188,18.941238403320312
101,fourier,303,0.8060574644549763,159.96400451660156,28.70379066467285
101,fourier,304,0.8616706161137441,161.9195098876953,26.629650115966797
101,fourier,305,0.942115916271722,118.30921936035156,15.395772933959961
101,fourier,306,0.9552478278041074,114.44585418701172,13.900160789489746
202,mlp,0,0.8322966034755134,161.09225463867188,25.627355575561523
202,mlp,1,0.8174614928909952,149.21231079101562,25.558183670043945
202,mlp,2,0.7850760268562401,203.1492462158203,36.280906677246094
202,mlp,3,0.9166666666666666,122.89178466796875,16.707277297973633
202,mlp,4,0.8888724328593997,127.5257797241211,19.626110076904297
202,mlp,5,0.8763329383886256,141.46380615234375,20.020172119140625
202,mlp,6,0.8619668246445498,124.89092254638672,19.655561447143555
202,mlp,7,0.8885021721958926,132.19566345214844,19.9075984954834
202,mlp,8,0.8733955371248026,136.73500061035156,20.485164642333984
202,mlp,9,0.8936117693522907,132.7837677001953,18.531068801879883
202,mlp,10,0.8062549368088467,166.37803649902344,28.257701873779297
202,mlp,11,0.8899585308056872,141.84695434570312,20.452205657958984
202,mlp,12,0.797887045813586,200.94049072265625,37.8396110534668
202,mlp,13,0.8963516982622433,119.5157699584961,16.966772079467773
202,mlp,14,0.9096810821484992,118.2208023071289,16.035709381103516
202,mlp,15,0.8360979462875198,151.60995483398438,25.378644943237305
202,mlp,16,0.8705815560821485,157.78213500976562,22.991687774658203
202,mlp,17,0.8551787124802528,162.90802001953125,24.589580535888672
202,mlp,18,0.7931970774091627,167.85479736328125,30.272424697875977
202,mlp,19,0.8621149289099526,152.8065185546875,22.859670639038086
202,mlp,20,0.8892426935229067,138.26902770996094,19.597421646118164
202,mlp,21,0.9369322669826224,121.24264526367188,15.580750465393066
202,mlp,22,0.8915876777251185,123.14331817626953,19.221040725708008
202,mlp,23,0.8665333728278041,123.7446060180664,18.85302734375
202,mlp,24,0.8807020142180095,132.39627075195312,19.56380844116211
202,mlp,25,0.8675454186413902,140.67279052734375,21.29239273071289
202,mlp,26,0.8691005134281201,140.15652465820312,20.656795501708984
202,mlp,27,0.8638428120063191,134.08815002441406,21.154733657836914
202,mlp,28,0.8351599526066351,167.9192657470703,27.58565902709961
202,mlp,29,0.8655953791469194,141.8690948486328,21.075546264648438
202,mlp,30,0.8259281200631912,166.33499145507812,27.297439575195312
202,mlp,31,0.8358511058451816,134.35113525390625,23.753170013427734
202,mlp,32,0.832864336492891,172.37786865234375,27.74558448791504
202,mlp,33,0.8527103080568721,139.16256713867188,21.503252029418945
202,mlp,34,0.8558451816745656,146.9935760498047,23.224239349365234
202,mlp,35,0.8379739336492891,150.71754455566406,25.986103057861328
202,mlp,36,0.8482671800947867,143.83152770996094,22.7902774810791
202,mlp,37,0.8592762638230648,146.6324462890625,22.55708122253418
202,mlp,38,0.8789988151658767,140.3189239501953,21.2264461517334
202,mlp,39,0.8439721563981043,146.1527557373047,22.99683952331543
202,mlp,40,0.8801589652448657,142.86676025390625,20.881032943725586
202,mlp,41,0.810969589257504,204.68492126464844,34.88794708251953
202,mlp,42,0.8411088072669827,169.7727813720703,26.63205337524414
202,mlp,43,0.8207938388625592,176.2022247314453,28.81542205810547
202,mlp,44,0.8993137835703001,117.5814437866211,16.14948272705078
202,mlp,45,0.8487855450236966,163.3111114501953,24.93374252319336
202,mlp,46,0.9113842812006319,116.96945190429688,16.011795043945312
202,mlp,47,0.8843552527646129,134.41629028320312,20.566238403320312
202,mlp,48,0.8466133491311216,157.43228149414062,26.47318458557129
202,mlp,49,0.9028436018957346,121.39568328857422,16.652732849121094
202,mlp,50,0.8727290679304898,131.5919952392578,19.554990768432617
202,mlp,51,0.8557711295418642,147.9954071044922,22.921510696411133
202,mlp,52,0.8301244075829384,156.25172424316406,25.28219985961914
202,mlp,53,0.8527349921011058,156.9248809814453,23.400657653808594
202,mlp,54,0.882306477093207,124.58101654052734,18.360538482666016
202,mlp,55,0.8511798973143759,191.7838134765625,29.656156539916992
202,mlp,56,0.8559932859399684,163.26095581054688,24.478107452392578
202,mlp,57,0.8356289494470774,224.06729125976562,37.36040115356445
202,mlp,58,0.8347156398104265,186.5723419189453,29.94832992553711
202,mlp,59,0.8580420616113744,138.45413208007812,21.061826705932617
202,mlp,60,0.9296257898894155,109.39495849609375,13.658130645751953
202,mlp,61,0.8619915086887836,151.95660400390625,22.50009536743164
202,mlp,62,0.8916864139020537,125.42471313476562,18.276540756225586
202,mlp,63,0.8581407977883097,157.36460876464844,23.979490280151367
202,mlp,64,0.883318522906793,144.7973175048828,21.624801635742188
202,mlp,65,0.8366409952606635,151.160888671875,24.928682327270508
202,mlp,66,0.899338467614534,128.79766845703125,17.912212371826172
202,mlp,67,0.8789494470774092,152.12474060058594,21.37388038635254
202,mlp,68,0.8556230252764613,111.79753112792969,16.9255428314209
202,mlp,69,0.8299269352290679,179.80764770507812,29.03494644165039
202,mlp,70,0.9079531990521327,117.7543716430664,16.78976821899414
202,mlp,71,0.8705075039494471,153.29270935058594,22.798419952392578
202,mlp,72,0.8185722748815166,167.93275451660156,27.898372650146484
202,mlp,73,0.8726796998420221,144.9165496826172,21.531232833862305
202,mlp,74,0.8657187993680885,127.84317016601562,19.538766860961914
202,mlp,75,0.8105499605055292,170.01565551757812,30.06216049194336
202,mlp,76,0.8502419036334913,160.63211059570312,25.604644775390625
202,mlp,77,0.8409853870458136,153.280029296875,24.96347427368164
202,mlp,78,0.8381960900473934,161.59959411621094,26.539220809936523
202,mlp,79,0.8086986571879937,213.932861328125,36.8153190612793
202,mlp,80,0.8372334123222749,151.859375,24.483980178833008
202,mlp,81,0.8181032780410743,176.18643188476562,29.478260040283203
202,mlp,82,0.7952458530805687,185.11767578125,32.879940032958984
202,mlp,83,0.8826520537124802,122.4109115600586,18.010173797607422
202,mlp,84,0.8494520142180095,154.4829559326172,23.773582458496094
202,mlp,85,0.868606832543444,143.59474182128906,20.688495635986328
202,mlp,86,0.9213072669826224,116.30101013183594,15.403804779052734
202,mlp,87,0.8833678909952607,123.99518585205078,18.894670486450195
202,mlp,88,0.8395537124802528,185.10934448242188,29.898578643798828
202,mlp,89,0.8860831358609794,120.02027893066406,16.815643310546875
202,mlp,90,0.8020586492890995,182.01229858398438,32.12144088745117
202,mlp,91,0.7994421406003159,194.2878875732422,33.8779182434082
202,mlp,92,0.8327902843601895,173.71835327148438,28.608901977539062
202,mlp,93,0.8665827409162717,136.02012634277344,20.560909271240234
202,mlp,94,0.8639168641390206,158.47555541992188,24.699247360229492
202,mlp,95,0.8303218799368088,187.41700744628906,30.006189346313477
202,mlp,96,0.8385663507109005,216.0320587158203,34.09861755371094
202,mlp,97,0.7600217219589257,222.99105834960938,44.63911819458008
202,mlp,98,0.8992397314375987,121.28123474121094,16.837177276611328
202,mlp,99,0.8159310821484992,169.71556091308594,28.2898006439209
202,mlp,100,0.8415037519747235,148.8619842529297,26.15522003173828
202,mlp,101,0.7753011453396524,205.303955078125,38.627098083496094
202,mlp,102,0.8407879146919431,151.56576538085938,25.177324295043945
202,mlp,103,0.8512786334913112,149.0305633544922,22.702072143554688
202,mlp,104,0.9195053317535545,120.87256622314453,16.025236129760742
202,mlp,105,0.9290580568720379,122.44149017333984,15.784069061279297
202,mlp,106,0.793024289099526,211.72097778320312,37.1900520324707
202,mlp,107,0.9113842812006319,107.37200164794922,14.186290740966797
202,mlp,108,0.7530608214849921,215.53851318359375,43.02994918823242
202,mlp,109,0.8068967219589257,173.5314178466797,31.623615264892578
202,mlp,110,0.8616953001579779,170.98648071289062,27.018815994262695
202,mlp,111,0.8249407582938388,203.9818115234375,34.95744705200195
202,mlp,112,0.9328347156398105,113.80281066894531,14.434215545654297
202,mlp,113,0.8766291469194313,118.50309753417969,17.264463424682617
202,mlp,114,0.8272363744075829,157.06207275390625,29.452606201171875
202,mlp,115,0.879615916271722,132.95799255371094,20.616708755493164
202,mlp,116,0.8802577014218009,127.2451400756836,19.485145568847656
202,mlp,117,0.8201520537124802,182.2098846435547,30.509422302246094
202,mlp,118,0.8018118088467614,187.63084411621094,32.81077575683594
202,mlp,119,0.8226451421800948,174.26162719726562,29.240774154663086
202,mlp,120,0.8175602290679305,170.84568786621094,29.155479431152344
202,mlp,121,0.8838122037914692,159.6724853515625,23.225107192993164
202,mlp,122,0.8482918641390206,161.60812377929688,25.108110427856445
202,mlp,123,0.8436265797788309,154.1395721435547,24.3778018951416
202,mlp,124,0.8411581753554502,155.5352783203125,23.97357749938965
202,mlp,125,0.8565857030015798,146.94769287109375,22.435367584228516
202,mlp,126,0.8778880331753555,126.66915893554688,18.94534683227539
202,mlp,127,0.856437598736177,157.6159210205078,23.97260284423828
202,mlp,128,0.9035841232227488,106.33457946777344,13.855666160583496
202,mlp,129,0.9051392180094787,112.59780883789062,15.390365600585938
202,mlp,130,0.9235781990521327,110.64457702636719,14.34535026550293
202,mlp,131,0.9294530015797788,106.73200225830078,13.363271713256836
202,mlp,132,0.9176293443917851,106.15805053710938,13.6258544921875
202,mlp,133,0.9189129146919431,118.04515075683594,15.662353515625
202,mlp,134,0.8769006714060031,126.51206970214844,18.622486114501953
202,mlp,135,0.8643858609794629,134.62388610839844,20.47359848022461
202,mlp,136,0.8207444707740916,167.7924041748047,27.884220123291016
202,mlp,137,0.863595971563981,130.7962188720703,19.861568450927734
202,mlp,138,0.8771968799368088,136.14865112304688,19.583728790283203
202,mlp,139,0.9115817535545023,121.27595520019531,16.124780654907227
202,mlp,140,0.8924022511848341,132.9640655517578,18.91539192199707
202,mlp,141,0.8723341232227488,145.96578979492188,21.434131622314453
202,mlp,142,0.8511305292259084,165.9104766845703,25.614944458007812
202,mlp,143,0.8802823854660348,124.44783020019531,17.842041015625
202,mlp,144,0.9602586887835703,115.37450408935547,13.881680488586426
202,mlp,145,0.8892920616113744,111.46685791015625,15.698345184326172
202,mlp,146,0.8445892575039494,175.56546020507812,27.250423431396484
202,mlp,147,0.8566597551342812,142.5687255859375,21.669466018676758
202,mlp,148,0.9264415481832543,124.40111541748047,15.787578582763672
202,mlp,149,0.9274782780410743,124.89842224121094,15.81369400024414
202,mlp,150,0.9259478672985783,124.58663177490234,15.816943168640137
202,mlp,151,0.8039840047393365,154.91427612304688,26.4193115234375
202,mlp,152,0.8498222748815166,128.7161865234375,19.887222290039062
202,mlp,153,0.8687796208530806,141.83621215820312,20.766563415527344
202,mlp,154,0.8584616903633492,145.05218505859375,21.226991653442383
202,mlp,155,0.8870951816745656,115.70374298095703,16.763965606689453
202,mlp,156,0.8978821090047393,112.6773910522461,15.745325088500977
202,mlp,157,0.8847501974723538,123.8469009399414,17.895835876464844
202,mlp,158,0.8742841627172195,134.68276977539062,19.922643661499023
202,mlp,159,0.8763329383886256,148.3236541748047,21.070358276367188
202,mlp,160,0.8730005924170616,129.75979614257812,18.61986541748047
202,mlp,161,0.8584123222748815,141.80491638183594,22.078079223632812
202,mlp,162,0.8789247630331753,139.80067443847656,19.970319747924805
202,mlp,163,0.8554749210110585,143.64889526367188,21.710548400878906
202,mlp,164,0.8900819510268563,131.49452209472656,18.251537322998047
202,mlp,165,0.8882553317535545,128.36651611328125,18.863513946533203
202,mlp,166,0.8408372827804107,124.97614288330078,19.840892791748047
202,mlp,167,0.8355548973143759,155.16685485839844,24.53483009338379
202,mlp,168,0.8657187993680885,139.0465087890625,20.380413055419922
202,mlp,169,0.89114336492891,131.81121826171875,18.21224021911621
202,mlp,170,0.8913655213270142,132.27159118652344,18.289255142211914
202,mlp,171,0.8538951421800948,142.77333068847656,21.8839054107666
202,mlp,172,0.9634429304897314,116.43364715576172,13.865336418151855
202,mlp,173,0.7997383491311216,186.50572204589844,32.271366119384766
202,mlp,174,0.870779028436019,138.60317993164062,20.416471481323242
202,mlp,175,0.8667061611374408,135.93276977539062,19.99081802368164
202,mlp,176,0.8707049763033176,142.04873657226562,20.749774932861328
202,mlp,177,0.8965491706161137,132.0385284423828,18.12325096130371
202,mlp,178,0.889983214849921,131.52920532226562,18.24660873413086
202,mlp,179,0.8946978672985783,131.2520751953125,18.10702133178711
202,mlp,180,0.9610979462875198,116.29246520996094,13.879634857177734
202,mlp,181,0.9601846366508688,115.14020538330078,13.889578819274902
202,mlp,182,0.8888971169036335,122.88231658935547,17.46312713623047
202,mlp,183,0.9615175750394944,115.9561996459961,13.875469207763672
202,mlp,184,0.8906496840442338,119.78204345703125,16.7969913482666
202,mlp,185,0.9137045813586098,118.53804779052734,15.907951354980469
202,mlp,186,0.8821336887835703,121.13674926757812,17.853666305541992
202,mlp,187,0.8674960505529226,134.0990447998047,19.886722564697266
202,mlp,188,0.8594737361769352,132.52073669433594,19.61613655090332
202,mlp,189,0.9618137835703001,115.84856414794922,13.868505477905273
202,mlp,190,0.9140254739336493,112.80854034423828,15.072113037109375
202,mlp,191,0.9622334123222749,116.36015319824219,13.872342109680176
202,mlp,192,0.9623815165876777,116.18156433105469,13.8699369430542
202,mlp,193,0.9631714060031595,116.41508483886719,13.86706256866455
202,mlp,194,0.9611473143759873,116.27485656738281,13.880112648010254
202,mlp,195,0.9621840442338072,116.3572998046875,13.872602462768555
202,mlp,196,0.9625543048973144,108.3272705078125,12.794139862060547
202,mlp,197,0.9621840442338072,116.35713195800781,13.87257194519043
202,mlp,198,0.9632948262243286,116.4128646850586,13.866226196289062
202,mlp,199,0.9618631516587678,116.35070037841797,13.873444557189941
202,mlp,200,0.9624555687203792,116.38018035888672,13.870556831359863
202,mlp,201,0.805958728278041,165.52871704101562,29.69558334350586
202,mlp,202,0.7882109004739336,231.77752685546875,41.36433029174805
202,mlp,203,0.7697966034755134,205.6809844970703,40.51166915893555
202,mlp,204,0.8301244075829384,166.56158447265625,27.601741790771484
202,mlp,205,0.922887045813586,113.6719970703125,15.154900550842285
202,mlp,206,0.8844046208530806,127.63309478759766,18.341642379760742
202,mlp,207,0.8637193917851501,152.00991821289062,22.701902389526367
202,mlp,208,0.7954186413902053,212.31285095214844,38.62599182128906
202,mlp,209,0.7809044233807267,209.98452758789062,39.48954772949219
202,mlp,210,0.838122037914692,147.13351440429688,24.061784744262695
202,mlp,211,0.8495754344391785,147.00942993164062,23.429922103881836
202,mlp,212,0.894327606635071,114.11732482910156,15.869617462158203
202,mlp,213,0.8446633096366508,178.19784545898438,28.820608139038086
202,mlp,214,0.8487361769352291,139.50367736816406,24.513347625732422
202,mlp,215,0.8216330963665087,143.56614685058594,25.636425018310547
202,mlp,216,0.8049960505529226,148.36895751953125,28.3233642578125
202,mlp,217,0.8216577804107424,142.935546875,27.640050888061523
202,mlp,218,0.8148943522906793,145.37185668945312,26.927949905395508
202,mlp,219,0.8173874407582938,141.65602111816406,27.604536056518555
202,mlp,220,0.8079828199052133,155.7562255859375,27.80718421936035
202,mlp,221,0.8463665086887836,145.53672790527344,23.718563079833984
202,mlp,222,0.7965787914691943,154.54977416992188,27.747793197631836
202,mlp,223,0.8293592022116903,142.61709594726562,23.155269622802734
202,mlp,224,0.9218503159557662,118.37539672851562,16.05870246887207
202,mlp,225,0.8918345181674565,110.17061614990234,15.773326873779297
202,mlp,226,0.8993878357030016,109.06885528564453,14.726602554321289
202,mlp,227,0.8759873617693523,125.08575439453125,19.180288314819336
202,mlp,228,0.9603574249605056,112.04869079589844,13.528790473937988
202,mlp,229,0.9099279225908373,116.79853057861328,16.08294105529785
202,mlp,230,0.8997334123222749,132.83103942871094,19.082773208618164
202,mlp,231,0.8963763823064771,122.5495376586914,16.910804748535156
202,mlp,232,0.8968206951026856,117.059326171875,17.157381057739258
202,mlp,233,0.8933649289099526,137.3886260986328,19.63287353515625
202,mlp,234,0.8421455371248026,166.3523712158203,26.17238426208496
202,mlp,235,0.8628554502369669,143.40406799316406,21.068958282470703
202,mlp,236,0.8716182859399684,143.3455047607422,20.79569435119629
202,mlp,237,0.8795171800947867,136.14402770996094,19.74003028869629
202,mlp,238,0.8761354660347551,139.01589965820312,20.606773376464844
202,mlp,239,0.8662618483412322,159.7026824951172,24.083850860595703
202,mlp,240,0.8531546208530806,141.9666290283203,22.51003074645996
202,mlp,241,0.8545369273301737,148.71678161621094,23.442665100097656
202,mlp,242,0.8798133886255924,128.9317169189453,18.93162727355957
202,mlp,243,0.8734202211690363,126.55956268310547,18.57228660583496
202,mlp,244,0.8929206161137441,119.98201751708984,17.30973243713379
202,mlp,245,0.8268167456556083,159.00979614257812,28.55394172668457
202,mlp,246,0.886527448657188,135.02334594726562,19.666810989379883
202,mlp,247,0.8881319115323855,119.54133605957031,17.198745727539062
202,mlp,248,0.8764563586097947,122.92255401611328,18.408477783203125
202,mlp,249,0.902029028436019,110.99018859863281,15.29797077178955
202,mlp,250,0.8546850315955766,154.67288208007812,23.921417236328125
202,mlp,251,0.8164000789889415,152.3833465576172,25.27982521057129
202,mlp,252,0.8565610189573459,159.67861938476562,23.74402618408203
202,mlp,253,0.8278534755134281,162.08006286621094,25.724594116210938
202,mlp,254,0.8779867693522907,135.8531494140625,19.62149429321289
202,mlp,255,0.8508836887835703,131.1339569091797,20.84634780883789
202,mlp,256,0.8288408372827805,148.11717224121094,25.850284576416016
202,mlp,257,0.9210604265402843,109.55750274658203,14.29983139038086
202,mlp,258,0.9019056082148499,121.41276550292969,17.06890869140625
202,mlp,259,0.8678416271721959,141.6588592529297,21.488744735717773
202,mlp,260,0.8411828593996841,152.7521514892578,25.275331497192383
202,mlp,261,0.8904275276461295,132.84799194335938,18.290355682373047
202,mlp,262,0.8602636255924171,151.93386840820312,23.418682098388672
202,mlp,263,0.8372334123222749,178.1814727783203,27.97119903564453
202,mlp,264,0.9007454581358609,131.33071899414062,18.369943618774414
202,mlp,265,0.860658570300158,150.72201538085938,23.66034698486328
202,mlp,266,0.9252813981042654,105.44801330566406,12.848417282104492
202,mlp,267,0.8849476698262243,142.82992553710938,20.554052352905273
202,mlp,268,0.8351352685624013,172.1385498046875,26.872331619262695
202,mlp,269,0.8825286334913112,124.19865417480469,17.83598518371582
202,mlp,270,0.8448360979462876,162.09426879882812,25.290220260620117
202,mlp,271,0.8170171800947867,194.98983764648438,32.57603454589844
202,mlp,272,0.8173133886255924,194.6577911376953,33.19136428833008
202,mlp,273,0.9075829383886256,111.57746887207031,15.260334968566895
202,mlp,274,0.8133639415481833,113.36580657958984,19.937528610229492
202,mlp,275,0.929946682464455,108.40200805664062,13.756166458129883
202,mlp,276,0.9175059241706162,120.48710632324219,16.525476455688477
202,mlp,277,0.8555736571879937,140.65274047851562,21.263471603393555
202,mlp,278,0.8904275276461295,130.39654541015625,18.918682098388672
202,mlp,279,0.910347551342812,128.7094268798828,17.628948211669922
202,mlp,280,0.9262193917851501,120.29338073730469,15.889585494995117
202,mlp,281,0.8720132306477093,136.09158325195312,21.560487747192383
202,mlp,282,0.891908570300158,120.12645721435547,17.320098876953125
202,mlp,283,0.8777399289099526,140.50491333007812,20.888948440551758
202,mlp,284,0.8500691153238547,150.1973419189453,25.302976608276367
202,mlp,285,0.832864336492891,147.43212890625,25.680627822875977
202,mlp,286,0.8422442733017378,149.7542266845703,25.085922241210938
202,mlp,287,0.8631269747235387,158.64097595214844,23.628337860107422
202,mlp,288,0.8654966429699842,149.43568420410156,22.32074737548828
202,mlp,289,0.9082740916271722,121.53221130371094,16.759836196899414
202,mlp,290,0.8158570300157978,150.1004638671875,25.0090274810791
202,mlp,291,0.8252616508688784,162.8553466796875,26.904985427856445
202,mlp,292,0.8342466429699842,152.47071838378906,25.558420181274414
202,mlp,293,0.8803564375987362,141.15228271484375,20.04221534729004
202,mlp,294,0.8380973538704581,158.041259765625,24.765514373779297
202,mlp,295,0.8918098341232228,131.34278869628906,18.176034927368164
202,mlp,296,0.900622037914692,131.83135986328125,18.566360473632812
202,mlp,297,0.7870013823064771,205.89553833007812,37.88241195678711
202,mlp,298,0.7897659952606635,194.1581573486328,36.158607482910156
202,mlp,299,0.8776658767772512,148.18333435058594,21.923213958740234
202,mlp,300,0.8507109004739336,149.728271484375,23.542394638061523
202,mlp,301,0.8515254739336493,144.60958862304688,23.0976619720459
202,mlp,302,0.8456506714060031,139.5470428466797,21.846296310424805
202,mlp,303,0.8147956161137441,177.50827026367188,29.913267135620117
202,mlp,304,0.8308402448657188,167.87600708007812,28.651758193969727
202,mlp,305,0.8920566745655608,125.39945983886719,17.730449676513672
202,mlp,306,0.9145932069510269,127.43535614013672,17.09076690673828
202,fourier,0,0.8295813586097947,156.743408203125,25.459455490112305
202,fourier,1,0.8202754739336493,148.6611785888672,25.581830978393555
202,fourier,2,0.7664642575039494,186.8779754638672,36.23530960083008
202,fourier,3,0.9196040679304898,122.39086151123047,16.844331741333008
202,fourier,4,0.8845280410742496,127.31743621826172,19.704408645629883
202,fourier,5,0.8831457345971564,143.30059814453125,19.92441749572754
202,fourier,6,0.8639662322274881,125.23741149902344,19.83127784729004
202,fourier,7,0.8836887835703001,130.89114379882812,20.079206466674805
202,fourier,8,0.8865521327014217,138.030029296875,20.335763931274414
202,fourier,9,0.902275868878357,133.52305603027344,18.468860626220703
202,fourier,10,0.796233214849921,159.22982788085938,28.300491333007812
202,fourier,11,0.8925009873617693,140.60023498535156,20.35776710510254
202,fourier,12,0.769080766192733,189.3414764404297,38.83274841308594
202,fourier,13,0.9005479857819905,121.58180236816406,17.023351669311523
202,fourier,14,0.911877962085308,118.86849212646484,16.078359603881836
202,fourier,15,0.8389366113744076,151.74725341796875,24.979108810424805
202,fourier,16,0.8584616903633492,151.28848266601562,23.021657943725586
202,fourier,17,0.8522166271721959,157.32846069335938,24.285688400268555
202,fourier,18,0.7733264218009479,160.8015594482422,30.718650817871094
202,fourier,19,0.8530065165876777,148.29542541503906,22.885448455810547
202,fourier,20,0.8921060426540285,137.5185089111328,19.59063148498535
202,fourier,21,0.9359449052132701,120.79547882080078,15.700904846191406
202,fourier,22,0.8998321484992101,125.7906265258789,19.120193481445312
202,fourier,23,0.8762095181674565,127.51466369628906,18.859249114990234
202,fourier,24,0.8817140600315956,133.04432678222656,19.603479385375977
202,fourier,25,0.8649782780410743,136.40115356445312,21.280805587768555
202,fourier,26,0.8640649684044234,137.39447021484375,20.722965240478516
202,fourier,27,0.8689030410742496,134.47605895996094,21.1306095123291
202,fourier,28,0.8282731042654028,161.6530303955078,27.617717742919922
202,fourier,29,0.877048775671406,139.9866943359375,20.787673950195312
202,fourier,30,0.8210159952606635,159.24436950683594,27.38379669189453
202,fourier,31,0.8392328199052133,136.4499053955078,23.524860382080078
202,fourier,32,0.811339849921011,162.8313751220703,28.005474090576172
202,fourier,33,0.8535742496050553,137.98484802246094,21.52290916442871
202,fourier,34,0.8665827409162717,148.48536682128906,22.76179313659668
202,fourier,35,0.8359745260663507,148.86489868164062,25.98154640197754
202,fourier,36,0.8509824249605056,142.4024200439453,22.827730178833008
202,fourier,37,0.8713220774091627,150.07508850097656,22.264673233032227
202,fourier,38,0.8888724328593997,141.3397216796875,21.015708923339844
202,fourier,39,0.8626332938388626,151.12493896484375,22.779645919799805
202,fourier,40,0.8845527251184834,143.608642578125,20.809947967529297
202,fourier,41,0.7784360189573459,195.18069458007812,35.846229553222656
202,fourier,42,0.8215096761453397,159.67994689941406,26.641983032226562
202,fourier,43,0.7893463665086888,164.10784912109375,29.33386993408203
202,fourier,44,0.9034360189573459,118.48487854003906,16.187835693359375
202,fourier,45,0.8401708135860979,157.7564239501953,24.857952117919922
202,fourier,46,0.9228129936808847,120.89852142333984,16.038057327270508
202,fourier,47,0.8935130331753555,137.0028076171875,20.387239456176758
202,fourier,48,0.8407632306477093,153.5685272216797,25.930757522583008
202,fourier,49,0.9102488151658767,121.75579833984375,16.614700317382812
202,fourier,50,0.8792703396524486,132.95289611816406,19.532188415527344
202,fourier,51,0.8457740916271722,146.03033447265625,23.029529571533203
202,fourier,52,0.8342960110584519,155.73997497558594,25.163372039794922
202,fourier,53,0.8485387045813586,154.4214630126953,23.39871597290039
202,fourier,54,0.8925997235387045,127.20512390136719,18.29106903076172
202,fourier,55,0.8195596366508688,173.39389038085938,29.78417205810547
202,fourier,56,0.8344441153238547,153.83116149902344,24.653858184814453
202,fourier,57,0.7681921406003159,190.68800354003906,38.879432678222656
202,fourier,58,0.810969589257504,177.07199096679688,30.73031997680664
202,fourier,59,0.8594243680884676,136.53025817871094,21.14344596862793
202,fourier,60,0.9325631911532386,111.39384460449219,13.71450424194336
202,fourier,61,0.8562154423380727,149.40594482421875,22.570907592773438
202,fourier,62,0.8935130331753555,126.32439422607422,18.3991756439209
202,fourier,63,0.8524881516587678,153.1815185546875,23.711462020874023
202,fourier,64,0.8867496050552922,143.0857391357422,21.51806640625
202,fourier,65,0.8369865718799369,148.57901000976562,24.701200485229492
202,fourier,66,0.9034113349131122,130.6755828857422,17.99106216430664
202,fourier,67,0.86961887835703,148.3521270751953,21.42533302307129
202,fourier,68,0.8770981437598736,116.00460052490234,16.736610412597656
202,fourier,69,0.801095971563981,170.47048950195312,29.639427185058594
202,fourier,70,0.916247037914692,120.80254364013672,16.757959365844727
202,fourier,71,0.8515007898894155,145.81234741210938,22.937231063842773
202,fourier,72,0.8046504739336493,161.15994262695312,27.73361587524414
202,fourier,73,0.8808007503949447,146.62936401367188,21.42759895324707
202,fourier,74,0.8716182859399684,129.5513458251953,19.59563446044922
202,fourier,75,0.7966528436018957,163.18325805664062,29.732789993286133
202,fourier,76,0.8343947472353871,153.5687255859375,25.89240264892578
202,fourier,77,0.8513526856240127,154.62844848632812,24.775997161865234
202,fourier,78,0.8179304897314376,155.07565307617188,26.96700096130371
202,fourier,79,0.7775967614533965,195.9175567626953,37.2122802734375
202,fourier,80,0.8395043443917851,152.86827087402344,24.436620712280273
202,fourier,81,0.8039840047393365,167.72393798828125,29.270395278930664
202,fourier,82,0.7642920616113744,168.23114013671875,33.575103759765625
202,fourier,83,0.8881072274881516,122.9072494506836,18.065568923950195
202,fourier,84,0.8583876382306477,156.64715576171875,23.579957962036133
202,fourier,85,0.8670270537124802,141.76626586914062,20.684537887573242
202,fourier,86,0.929181477093207,117.33370208740234,15.374592781066895
202,fourier,87,0.8822077409162717,123.91863250732422,18.994579315185547
202,fourier,88,0.8178070695102686,171.42172241210938,30.10590362548828
202,fourier,89,0.8981289494470774,121.02919006347656,16.74407196044922
202,fourier,90,0.7827557266982622,170.2226104736328,31.765039443969727
202,fourier,91,0.7823607819905213,184.38723754882812,33.737483978271484
202,fourier,92,0.809562598736177,162.27682495117188,28.88249397277832
202,fourier,93,0.8660150078988942,134.46237182617188,20.64781951904297
202,fourier,94,0.8427132701421801,150.98193359375,24.995532989501953
202,fourier,95,0.8047738941548184,177.7105712890625,30.58210563659668
202,fourier,96,0.8073163507109005,196.95449829101562,34.394195556640625
202,fourier,97,0.7258343206951027,210.48558044433594,45.474952697753906
202,fourier,98,0.9046455371248026,122.45153045654297,16.84650230407715
202,fourier,99,0.8046504739336493,162.3151092529297,28.373552322387695
202,fourier,100,0.8296307266982622,143.1356964111328,26.366273880004883
202,fourier,101,0.752172195892575,198.47598266601562,39.35817337036133
202,fourier,102,0.8441449447077409,148.7113037109375,24.786067962646484
202,fourier,103,0.8512292654028436,147.897705078125,22.707529067993164
202,fourier,104,0.9306378357030016,124.96810913085938,16.04318618774414
202,fourier,105,0.934809439178515,124.10989379882812,15.826449394226074
202,fourier,106,0.7733511058451816,199.1138153076172,37.34306716918945
202,fourier,107,0.9128406398104265,108.83081817626953,14.241178512573242
202,fourier,108,0.7396080173775671,212.08815002441406,42.7907829284668
202,fourier,109,0.7816449447077409,164.88034057617188,31.46805191040039
202,fourier,110,0.8328149684044234,163.1156768798828,27.546884536743164
202,fourier,111,0.7954186413902053,196.9310302734375,35.71212387084961
202,fourier,112,0.9373025276461295,114.48859405517578,14.434223175048828
202,fourier,113,0.8856635071090048,119.59668731689453,17.198169708251953
202,fourier,114,0.8288408372827805,156.3348846435547,28.881023406982422
202,fourier,115,0.8785051342812006,134.15158081054688,20.71247673034668
202,fourier,116,0.889218009478673,130.06143188476562,19.446346282958984
202,fourier,117,0.8020092812006319,171.1392822265625,30.8214168548584
202,fourier,118,0.7844836097946287,176.0269317626953,33.191864013671875
202,fourier,119,0.7987756714060031,165.4125518798828,29.774967193603516
202,fourier,120,0.7999111374407583,165.50022888183594,29.49877166748047
202,fourier,121,0.8597699447077409,151.61756896972656,23.548542022705078
202,fourier,122,0.831062401263823,155.10198974609375,25.290475845336914
202,fourier,123,0.8429107424960506,152.3363494873047,24.19025421142578
202,fourier,124,0.8387638230647709,152.6597900390625,23.939659118652344
202,fourier,125,0.8700878751974723,149.30506896972656,22.23587989807129
202,fourier,126,0.8821090047393365,126.89025115966797,19.031890869140625
202,fourier,127,0.8422689573459715,151.87733459472656,24.02608299255371
202,fourier,128,0.9092367693522907,108.14383697509766,13.890889167785645
202,fourier,129,0.9063240521327014,112.91126251220703,15.479302406311035
202,fourier,130,0.9215294233807267,111.55020904541016,14.470026016235352
202,fourier,131,0.9290580568720379,108.02910614013672,13.457173347473145
202,fourier,132,0.9179502369668247,107.49688720703125,13.69654655456543
202,fourier,133,0.9255529225908373,119.14176177978516,15.655078887939453
202,fourier,134,0.8835900473933649,127.7754898071289,18.58452033996582
202,fourier,135,0.8663605845181674,134.55630493164062,20.500286102294922
202,fourier,136,0.804946682464455,159.44224548339844,28.312366485595703
202,fourier,137,0.8802083333333334,131.5988311767578,19.82765769958496
202,fourier,138,0.8816400078988942,132.8057861328125,19.558591842651367
202,fourier,139,0.9168394549763034,123.24791717529297,16.189817428588867
202,fourier,140,0.8981042654028436,133.28158569335938,18.88017463684082
202,fourier,141,0.8619174565560821,142.63633728027344,21.544145584106445
202,fourier,142,0.8231635071090048,158.53408813476562,26.352500915527344
202,fourier,143,0.8939820300157978,125.43064880371094,17.70952033996582
202,fourier,144,0.9628258293838863,115.56639862060547,13.941003799438477
202,fourier,145,0.8972403238546603,112.21176147460938,15.695008277893066
202,fourier,146,0.8213122037914692,165.86268615722656,27.552440643310547
202,fourier,147,0.8608560426540285,139.4176483154297,21.663429260253906
202,fourier,148,0.9347107030015798,124.07675170898438,15.80047607421875
202,fourier,149,0.9356980647709321,124.92903137207031,15.82418155670166
202,fourier,150,0.933402448657188,123.61497497558594,15.817234992980957
202,fourier,151,0.8134873617693523,153.1986083984375,26.083715438842773
202,fourier,152,0.8579926935229067,129.5430450439453,19.820751190185547
202,fourier,153,0.8747284755134281,141.98550415039062,20.711822509765625
202,fourier,154,0.8688043048973144,146.8525390625,21.159046173095703
202,fourier,155,0.8913161532385466,115.7677230834961,16.801485061645508
202,fourier,156,0.904843009478673,113.3011474609375,15.740893363952637
202,fourier,157,0.8852685624012638,122.84555053710938,17.979907989501953
202,fourier,158,0.8764810426540285,131.41416931152344,20.020042419433594
202,fourier,159,0.8734449052132701,145.36732482910156,21.07390785217285
202,fourier,160,0.8878850710900474,133.35289001464844,18.592676162719727
202,fourier,161,0.860905410742496,141.06381225585938,22.084980010986328
202,fourier,162,0.8835159952606635,140.78884887695312,19.965646743774414
202,fourier,163,0.8658175355450237,146.39019775390625,21.555313110351562
202,fourier,164,0.9025720774091627,133.22531127929688,18.134872436523438
202,fourier,165,0.8914642575039494,129.82562255859375,18.969680786132812
202,fourier,166,0.8535742496050553,125.78791809082031,19.751855850219727
202,fourier,167,0.8395043443917851,152.36517333984375,24.44096565246582
202,fourier,168,0.8709518167456556,139.4757537841797,20.345544815063477
202,fourier,169,0.9047689573459715,133.7352752685547,18.099273681640625
202,fourier,170,0.9051639020537124,134.10641479492188,18.150815963745117
202,fourier,171,0.867693522906793,143.22653198242188,21.674217224121094
202,fourier,172,0.9645043443917851,115.5790786743164,13.925599098205566
202,fourier,173,0.7756960900473934,174.73062133789062,32.36703872680664
202,fourier,174,0.8710011848341233,137.00546264648438,20.374570846557617
202,fourier,175,0.8718651263823065,136.3588409423828,19.947223663330078
202,fourier,176,0.8761848341232228,142.4153594970703,20.708898544311523
202,fourier,177,0.9065215244865719,133.6197509765625,18.084917068481445
202,fourier,178,0.9042999605055292,133.59202575683594,18.111040115356445
202,fourier,179,0.9028189178515008,132.19903564453125,18.086502075195312
202,fourier,180,0.9627764612954186,115.45706176757812,13.93448543548584
202,fourier,181,0.9650967614533965,115.97512817382812,13.944220542907715
202,fourier,182,0.8881565955766193,122.31089782714844,17.573015213012695
202,fourier,183,0.9637391390205371,115.53466796875,13.935250282287598
202,fourier,184,0.901634083728278,120.59269714355469,16.747703552246094
202,fourier,185,0.919702804107425,119.7166976928711,15.962580680847168
202,fourier,186,0.8914642575039494,123.7711181640625,17.83051300048828
202,fourier,187,0.8730005924170616,134.138916015625,19.875608444213867
202,fourier,188,0.8665086887835703,133.10601806640625,19.674720764160156
202,fourier,189,0.9644302922590837,115.67018127441406,13.92832088470459
202,fourier,190,0.919949644549763,113.3875503540039,15.084931373596191
202,fourier,191,0.9636650868878357,115.51570129394531,13.929830551147461
202,fourier,192,0.9629492496050553,115.30477142333984,13.932777404785156
202,fourier,193,0.9642575039494471,115.56177520751953,13.926575660705566
202,fourier,194,0.9619125197472354,115.21928405761719,13.938820838928223
202,fourier,195,0.9635910347551343,115.51399230957031,13.930034637451172
202,fourier,196,0.9635663507109005,109.04395294189453,12.870182037353516
202,fourier,197,0.9635663507109005,115.51335144042969,13.929960250854492
202,fourier,198,0.9635910347551343,115.33782958984375,13.930232048034668
202,fourier,199,0.9635169826224329,115.50714874267578,13.930451393127441
202,fourier,200,0.9639612954186414,115.53168487548828,13.928728103637695
202,fourier,201,0.7990225118483413,163.1442413330078,29.536039352416992
202,fourier,202,0.7558254344391785,210.6134033203125,41.808982849121094
202,fourier,203,0.754097551342812,200.00355529785156,41.079593658447266
202,fourier,204,0.8235584518167457,163.539794921875,27.464784622192383
202,fourier,205,0.9245408767772512,115.2911376953125,15.235671043395996
202,fourier,206,0.894080766192733,129.7623291015625,18.369779586791992
202,fourier,207,0.8546109794628752,148.20445251464844,22.800430297851562
202,fourier,208,0.7476796998420221,191.03616333007812,39.88608169555664
202,fourier,209,0.7289445102685624,185.1065216064453,40.125057220458984
202,fourier,210,0.8474032385466035,147.33750915527344,23.923126220703125
202,fourier,211,0.8499950631911533,145.01092529296875,23.361038208007812
202,fourier,212,0.9032879146919431,116.61582946777344,15.8665132522583
202,fourier,213,0.8033422195892576,164.32737731933594,29.76664924621582
202,fourier,214,0.8426639020537124,138.6731414794922,24.78000259399414
202,fourier,215,0.8288408372827805,143.90908813476562,25.822843551635742
202,fourier,216,0.7951718009478673,145.3634796142578,28.768932342529297
202,fourier,217,0.817239336492891,142.985595703125,27.69660758972168
202,fourier,218,0.8162766587677726,145.53236389160156,27.060914993286133
202,fourier,219,0.823904028436019,144.43270874023438,27.339509963989258
202,fourier,220,0.8066498815165877,154.3084259033203,27.557048797607422
202,fourier,221,0.8637440758293838,149.30874633789062,23.316320419311523
202,fourier,222,0.797640205371248,153.02841186523438,27.50346565246582
202,fourier,223,0.8316548183254344,142.45936584472656,23.14385414123535
202,fourier,224,0.9147906793048973,118.29156494140625,16.254783630371094
202,fourier,225,0.8989188388625592,112.6883773803711,15.790478706359863
202,fourier,226,0.9021030805687204,111.11035919189453,14.804886817932129
202,fourier,227,0.8791962875197472,126.55680084228516,19.18739891052246
202,fourier,228,0.9636157187993681,112.6673812866211,13.590200424194336
202,fourier,229,0.9122482227488151,116.9786605834961,16.132993698120117
202,fourier,230,0.8989682069510269,131.03684997558594,19.179658889770508
202,fourier,231,0.9052132701421801,123.71782684326172,16.860862731933594
202,fourier,232,0.9055341627172195,119.92741394042969,17.144399642944336
202,fourier,233,0.8933896129541864,135.67933654785156,19.586910247802734
202,fourier,234,0.8231881911532386,158.85037231445312,26.355873107910156
202,fourier,235,0.8720872827804107,145.14627075195312,21.056062698364258
202,fourier,236,0.8773203001579779,145.99468994140625,20.818052291870117
202,fourier,237,0.8870704976303317,135.592529296875,19.67176628112793
202,fourier,238,0.8802330173775671,139.2635955810547,20.473798751831055
202,fourier,239,0.8472551342812006,153.30752563476562,24.422096252441406
202,fourier,240,0.8526609399684044,140.41090393066406,22.518192291259766
202,fourier,241,0.8710999210110585,151.69830322265625,23.101266860961914
202,fourier,242,0.8898104265402843,133.02442932128906,19.02726173400879
202,fourier,243,0.8846267772511849,129.56932067871094,18.539602279663086
202,fourier,244,0.895240916271722,121.21441650390625,17.4061279296875
202,fourier,245,0.8293345181674565,158.46878051757812,27.995759963989258
202,fourier,246,0.888699644549763,134.4244384765625,19.675600051879883
202,fourier,247,0.8944016587677726,121.64942169189453,17.172924041748047
202,fourier,248,0.8774190363349131,122.53560638427734,18.516368865966797
202,fourier,249,0.9101994470774092,111.86780548095703,15.288237571716309
202,fourier,250,0.852586887835703,153.0868682861328,23.90704917907715
202,fourier,251,0.8161532385466035,149.92945861816406,25.293262481689453
202,fourier,252,0.8452063586097947,154.31002807617188,23.78660011291504
202,fourier,253,0.813265205371248,155.64358520507812,25.79672622680664
202,fourier,254,0.8797146524486572,134.7161407470703,19.57452392578125
202,fourier,255,0.8570793838862559,131.88807678222656,20.789255142211914
202,fourier,256,0.8407879146919431,147.6666717529297,25.401891708374023
202,fourier,257,0.9207889020537124,110.70649719238281,14.383334159851074
202,fourier,258,0.8986226303317536,119.43354797363281,17.182588577270508
202,fourier,259,0.8778386650868878,143.33380126953125,21.30400276184082
202,fourier,260,0.8427626382306477,150.54710388183594,25.08680534362793
202,fourier,261,0.9065215244865719,134.63304138183594,18.11780548095703
202,fourier,262,0.8474772906793049,145.99839782714844,23.607742309570312
202,fourier,263,0.8268661137440758,169.3748321533203,28.01287269592285
202,fourier,264,0.9040037519747235,131.97789001464844,18.330961227416992
202,fourier,265,0.8579433254344392,149.22975158691406,23.602901458740234
202,fourier,266,0.9290333728278041,106.5995864868164,12.870809555053711
202,fourier,267,0.8809241706161137,140.23233032226562,20.600093841552734
202,fourier,268,0.8190906398104265,160.1816864013672,26.911365509033203
202,fourier,269,0.8902053712480252,125.66876220703125,17.80247688293457
202,fourier,270,0.8234597156398105,153.50466918945312,25.46351432800293
202,fourier,271,0.7837677725118484,178.84190368652344,33.230186462402344
202,fourier,272,0.7808056872037915,179.44110107421875,33.681819915771484
202,fourier,273,0.912272906793049,114.03421020507812,15.292536735534668
202,fourier,274,0.8258046998420221,115.88948822021484,19.784353256225586
202,fourier,275,0.9304650473933649,109.67582702636719,13.835342407226562
202,fourier,276,0.9201964849921012,121.89421844482422,16.688539505004883
202,fourier,277,0.8537717219589257,137.5768280029297,21.254545211791992
202,fourier,278,0.8931674565560821,131.33084106445312,18.984745025634766
202,fourier,279,0.9142723143759873,129.19790649414062,17.645479202270508
202,fourier,280,0.9270586492890995,121.16192626953125,15.988452911376953
202,fourier,281,0.876925355450237,136.7789764404297,21.58193016052246
202,fourier,282,0.9008441943127962,122.05541229248047,17.27102279663086
202,fourier,283,0.8752221563981043,139.48989868164062,20.965917587280273
202,fourier,284,0.8567338072669827,151.6516876220703,24.70766258239746
202,fourier,285,0.8380973538704581,147.52354431152344,25.352920532226562
202,fourier,286,0.8469836097946287,147.2092742919922,24.791444778442383
202,fourier,287,0.8421949052132701,149.66079711914062,23.891767501831055
202,fourier,288,0.8549071879936809,144.89427185058594,22.458351135253906
202,fourier,289,0.9125937993680885,122.61247253417969,16.773216247558594
202,fourier,290,0.8186710110584519,150.07106018066406,25.05116081237793
202,fourier,291,0.8156348736176935,158.79356384277344,26.592021942138672
202,fourier,292,0.841577804107425,150.58084106445312,25.09274673461914
202,fourier,293,0.8826273696682464,140.68040466308594,20.041282653808594
202,fourier,294,0.832345971563981,153.8719940185547,24.757360458374023
202,fourier,295,0.9029670221169036,133.2494354248047,18.105693817138672
202,fourier,296,0.9058303712480252,130.68394470214844,18.53853416442871
202,fourier,297,0.7461986571879937,185.42066955566406,38.84070587158203
202,fourier,298,0.754097551342812,177.4672393798828,36.21332550048828
202,fourier,299,0.8710011848341233,144.75067138671875,22.02935218811035
202,fourier,300,0.8606832543443917,149.7770538330078,23.161645889282227
202,fourier,301,0.860781990521327,145.13644409179688,22.86180877685547
202,fourier,302,0.8478228672985783,138.6013946533203,21.809162139892578
202,fourier,303,0.794184439178515,167.0907440185547,30.412799835205078
202,fourier,304,0.8084271327014217,158.51638793945312,28.776533126831055
202,fourier,305,0.8973390600315956,127.40928649902344,17.774120330810547
202,fourier,306,0.9198509083728278,128.26547241210938,17.134374618530273
